Başlık,Yayınevi,Yazar,İndirimsiz Fiyat (TL),İndirimli Fiyat (TL),İndirim Oranı (%),Puanlama (5 üzerinden)
Bir İdam Mahkumunun Son Günü,İş Bankası Kültür Yayınları,Victor Hugo,30.00,21.60,Yok,Yok
Suç ve Ceza,İş Bankası Kültür Yayınları,Fyodor Mihayloviç Dostoyevski,110.00,79.20,Yok,Yok
Saç Örgüsü,Yan Pasaj Yayınevi,Laetitia Colombani,115.00,88.55,Yok,Yok
Emare - Sarmaşık,İndigo Kitap,Aslı Arslan,279.00,186.93,Yok,Yok
İnsanlığımı Yitirirken,İthaki Yayınları,Osamu Dazai,66.00,48.84,Yok,Yok
Yaşamak,Jaguar Kitap,Yu Hua,98.00,65.66,Yok,Yok
Gece Yarısı Kütüphanesi,Domingo Yayınevi,Matt Haig,128.00,76.80,Yok,Yok
İnce Memed - 1,Yapı Kredi Yayınları,Yaşar Kemal,250.00,180.00,Yok,Yok
İnsan Neyle Yaşar?,İş Bankası Kültür Yayınları,Lev Nikolayeviç Tolstoy,28.00,20.16,Yok,Yok
Yeraltından Notlar,İş Bankası Kültür Yayınları,Fyodor Mihayloviç Dostoyevski,34.00,24.48,Yok,Yok
Anna Karenina,İş Bankası Kültür Yayınları,Lev Nikolayeviç Tolstoy,156.00,112.32,Yok,Yok
Simyacı,Can Yayınları,Paulo Coelho,125.00,90.00,Yok,Yok
Bir Aşk Masalı,Yapı Kredi Yayınları,Ahmet Ümit,85.00,61.20,Yok,Yok
Damızlık Kızın Öyküsü,Doğan Kitap,Margaret Atwood,185.00,125.80,Yok,Yok
Beyaz Geceler,İş Bankası Kültür Yayınları,Fyodor Mihayloviç Dostoyevski,38.00,27.36,Yok,Yok
Bir İdam Mahkumunun Son Günü,İş Bankası Kültür Yayınları,Victor Hugo,30.00,21.60,Yok,Yok
Suç ve Ceza,İş Bankası Kültür Yayınları,Fyodor Mihayloviç Dostoyevski,110.00,79.20,Yok,Yok
Saç Örgüsü,Yan Pasaj Yayınevi,Laetitia Colombani,115.00,88.55,Yok,Yok
Emare - Sarmaşık,İndigo Kitap,Aslı Arslan,279.00,186.93,Yok,Yok
İnsanlığımı Yitirirken,İthaki Yayınları,Osamu Dazai,66.00,48.84,Yok,Yok
Yaşamak,Jaguar Kitap,Yu Hua,98.00,65.66,Yok,Yok
Gece Yarısı Kütüphanesi,Domingo Yayınevi,Matt Haig,128.00,76.80,Yok,Yok
İnce Memed - 1,Yapı Kredi Yayınları,Yaşar Kemal,250.00,180.00,Yok,Yok
İnsan Neyle Yaşar?,İş Bankası Kültür Yayınları,Lev Nikolayeviç Tolstoy,28.00,20.16,Yok,Yok
Yeraltından Notlar,İş Bankası Kültür Yayınları,Fyodor Mihayloviç Dostoyevski,34.00,24.48,Yok,Yok
Anna Karenina,İş Bankası Kültür Yayınları,Lev Nikolayeviç Tolstoy,156.00,112.32,Yok,Yok
Simyacı,Can Yayınları,Paulo Coelho,125.00,90.00,Yok,Yok
Bir Aşk Masalı,Yapı Kredi Yayınları,Ahmet Ümit,85.00,61.20,Yok,Yok
Damızlık Kızın Öyküsü,Doğan Kitap,Margaret Atwood,185.00,125.80,Yok,Yok
Beyaz Geceler,İş Bankası Kültür Yayınları,Fyodor Mihayloviç Dostoyevski,38.00,27.36,Yok,Yok
Bir İdam Mahkumunun Son Günü,İş Bankası Kültür Yayınları,Victor Hugo,30.00,21.60,Yok,Yok
Suç ve Ceza,İş Bankası Kültür Yayınları,Fyodor Mihayloviç Dostoyevski,110.00,79.20,Yok,Yok
Saç Örgüsü,Yan Pasaj Yayınevi,Laetitia Colombani,115.00,88.55,Yok,Yok
Emare - Sarmaşık,İndigo Kitap,Aslı Arslan,279.00,186.93,Yok,Yok
Harry Potter Evreni,Teras Kitap,Jean-François Marmion,159.00,79.50,Yok,0.0
Osman Akçay Bütün Şiirleri,Gece Kitaplığı,Osman Akçay Seğmenoğlu,528.00,316.80,Yok,0.0
Etimolojik Keşifler,Albaraka Yayınları,Erdinç Tekbaş,235.00,129.25,Yok,0.0
Beni Utandırır Mısın Bu Sözlerimden,Dönüş Yayınları,Ayşe Şirin Çakmakçı,150.00,109.50,Yok,0.0
Gökçehre,Dönüş Yayınları,Mustafa Atapay,150.00,109.50,Yok,0.0
Şiir ve Şuur,Kitap Kalbi Yayıncılık,Mahmut Eren,150.00,117.00,Yok,0.0
Türkiye’de Gezintiler,Dorlion Yayınları,Wilhelm Endriss,291.00,174.60,Yok,0.0
Göçtüğün Kervan Değilim,Alaska Yayınevi,Siruni,150.00,132.00,Yok,0.0
Hayat Serüveni,Bengisu Yayınları,Muharrem Arslan,400.00,292.00,Yok,0.0
Kırık Gölge,Kanon Kitap,İlker Balkan,200.00,140.00,Yok,0.0
Koza,Atakar Yayıncılık,Hülya Alparslan,200.00,200.00,Yok,0.0
Yaşanmamış Hayatlar,Epsilon Yayınevi,Sarah Jio,345.00,241.50,Yok,0.0
Devlet İnsan mı?,Telgrafhane Yayınları,Vedat Günyol,220.00,160.60,Yok,0.0
"Karahanlı, Harezm ve Kıpçak Türkçesi Eserlerinde Dini Terimler 2 Cilt Takım",Ihlamur Akademi,Sunay Deniz,1.450.00,1.131.00,Yok,0.0
Bir Hüzün Yolcusu,Eşik Yayınları,Nusret Özcan,135.00,98.55,Yok,0.0
Bizim Mahalle,Eşik Yayınları,Nusret Özcan,160.00,116.80,Yok,0.0
Aşık Pir Medhi,Ihlamur Akademi,Elvan Saltaş Korkmaz,200.00,156.00,Yok,0.0
İkinci Yeni’nin En Çocuksu Şairi Ülkü Tamer ve Poetikası,Ihlamur Akademi,Okan Özkara,230.00,179.40,Yok,0.0
The Dream,Oxford University Press - Classics,Emile Zola,490.00,490.00,Yok,0.0
Sen Dünyasın,Kapı Yayınları,Jiddu Krishnamurti,225.00,168.75,Yok,0.0
Ahmet Rasim Hikayeler,Ihlamur Akademi,Esra Kürüm,400.00,312.00,Yok,0.0
Sokak Sesleri,Eşik Yayınları,Nusret Özcan,250.00,182.50,Yok,0.0
The Sin Of Abbe Mouret,Oxford University Press - Classics,Emile Zola,490.00,490.00,Yok,0.0
The Kill,Oxford University Press - Classics,Emile Zola,490.00,490.00,Yok,0.0
Mephisto,Artemis Yayınları,Luly,475.00,308.75,Yok,0.0
Yaşantımın Mucizeleri,Deniz Yayınevi,Muzaffer Eliaçık,356.00,242.08,Yok,0.0
Aşk Acının Üzerine Helva,Parlayan Kitap,Hasan Seyfettin Teoman,350.00,238.00,Yok,0.0
La Bete humaine,Oxford University Press - Classics,Emile Zola,490.00,490.00,Yok,0.0
Kaybolmuş Ruhlar Sarayı Özel Set 2 Kitap,İndigo Kitap,Dilara Keskin,889.00,533.40,Yok,0.0
Gecekondu Müslümanlık,Gülnar Yayınları,Akif Mengeş,260.00,189.80,Yok,0.0
Pot Luck Pot-Bouille,Oxford University Press - Classics,Emile Zola,490.00,490.00,Yok,0.0
His Excellency Eugene Rougon,Oxford University Press - Classics,Emile Zola,490.00,490.00,Yok,0.0
The Sin Of Abbe Mouret,Oxford University Press - Classics,Emile Zola,490.00,490.00,Yok,0.0
Kaybolmuş Ruhlar Sarayı - Kraliçenin Kızı,İndigo Kitap,Dilara Keskin,399.00,239.40,Yok,0.0
Kaybolmuş Ruhlar Sarayı - Kraliçenin Kızı,İndigo Kitap,Dilara Keskin,339.00,203.40,Yok,0.0
Kaybolmuş Ruhlar Sarayı - Senteria`nın Varisi,İndigo Kitap,Dilara Keskin,399.00,239.40,Yok,0.0
Kaybolmuş Ruhlar Sarayı - Senteria`nın Varisi,İndigo Kitap,Dilara Keskin,339.00,203.40,Yok,0.0
Aşure,Deniz Yayınevi,Sevtap Polat,340.00,231.20,Yok,0.0
Üyge Taba Eve Doğru,Ötüken Neşriyat,Ayaz İshaki,190.00,123.50,Yok,0.0
Günahkar,Pukka Yayınları,Sierra Simone,319.00,159.50,Yok,0.0
Thousands,Pukka Yayınları,Pepper Winters,319.00,159.50,Yok,0.0
Merhaba Güzellik,Mundi,Ann Napolitano,490.00,294.00,Yok,0.0
Hücre,Can Yayınları,Jose Revueltas,125.00,75.00,Yok,0.0
Kaderin Sessiz Fısıltısı,Baygenç Yayıncılık,Barçinoy Obidova,90.00,61.20,Yok,0.0
Cemil Sıdki ez-Zehavi’nin Şiirlerinde Kadın,Fecr Yayınları,Murat Güler,380.00,296.40,Yok,0.0
Safkan,Kairos Kitap,Geraldine Brooks,349.00,191.95,Yok,0.0
Mavi Nasıl Eserse,Vapur Yayınları,Gizem Pınar Karaboğa,150.00,102.00,Yok,0.0
Son Mektup,Olimpos Yayınları,Rebecca Yarros,349.00,191.95,Yok,0.0
Mezarlık,Tulu Kitap,Melih Bahaddin Küçük,160.00,124.80,Yok,0.0
Onu Beklerken,Telve Kitap,Halid Ziya Uşaklıgil,200.00,156.00,Yok,0.0
Sana Teslim Oldum,Olimpos Yayınları,Rebecca Yarros,320.00,176.00,Yok,0.0
Dönüş,Olimpos Yayınları,Lauren Asher,349.00,191.95,Yok,0.0
Bizim Nesibe,Elips Kitap,Memduh Şevket Esendal,290.00,197.20,Yok,0.0
Kördüğüm: Adile,Ephesus Yayınları,Selma Ünlü,359.00,233.35,Yok,0.0
Türk Mitolojisinin Alevi-Bektaşi Menkıbelerindeki İzleri,Paradigma Akademi Yayınları,Muhammet Faruk Ekici,750.00,600.00,Yok,0.0
Kültürlerarasılık ve Filoloji,Paradigma Akademi Yayınları,Kolektif,350.00,280.00,Yok,0.0
Adını Aşk Koyduk,Telve Kitap,Kürşat Yozcu,180.00,140.40,Yok,0.0
Disney Prenses Kilala - 1,Beta Byou,Rika Tanaka,189.00,94.50,Yok,0.0
Disney Prenses Kilala - 2,Beta Byou,Rika Tanaka,189.00,94.50,Yok,0.0
"Somut Olmayan Kültürel Miras Bağlamında Yaşayan İnsan Hazinesi Aşık Maksut Feryadı Hayatı, Sanatı ve Eserleri",Paradigma Akademi Yayınları,Fazıl Özdamar,500.00,400.00,Yok,0.0
Witch 3. Bölüm: İki Dünyada Birden Kriz 1. Kısım,Beta Byou,Elisabetta Gnone,349.50,174.75,Yok,0.0
Solgun Demet,Telve Kitap,Halid Ziya Uşaklıgil,250.00,195.00,Yok,0.0
Valide Mektupları,Telve Kitap,Halid Ziya Uşaklıgil,120.00,93.60,Yok,0.0
Bir Muhtıranın Son Yaprakları,Telve Kitap,Halid Ziya Uşaklıgil,150.00,117.00,Yok,0.0
İstanbul’un Fısıltıları,Telve Kitap,Ahmed Rasim,330.00,257.40,Yok,0.0
Nakil I,Telve Kitap,Halid Ziya Uşaklıgil,220.00,171.60,Yok,0.0
Nakil II,Telve Kitap,Halid Ziya Uşaklıgil,200.00,156.00,Yok,0.0
Sepette Bulunmuş,Telve Kitap,Halid Ziya Uşaklıgil,140.00,109.20,Yok,0.0
"Yaşayan İnsan Hazinesi Aşık Ali Rıza Ezgi Hayatı, Sanatı ve Eserleri",Paradigma Akademi Yayınları,Metin Ekici,580.00,464.00,Yok,0.0
Yayla Sevgisi,Tilge Yayınevi,Sabri Göktürk,270.00,197.10,Yok,0.0
Bu Muydu?,Telve Kitap,Halid Ziya Uşaklıgil,120.00,93.60,Yok,0.0
İki Gelin Odası,Telve Kitap,Mehmed Tevfik,190.00,148.20,Yok,0.0
The Wendigo and Other Stories,Oxford University Press - Classics,Algernon Blackwood,490.00,490.00,Yok,0.0
Büyük Sır,Divit Kitabevi,Lütfi Can Üstel,240.00,163.20,Yok,0.0
Oyun,Divit Kitabevi,Lütfi Can Üstel,180.00,122.40,Yok,0.0
Heyhat,Telve Kitap,Halid Ziya Uşaklıgil,130.00,101.40,Yok,0.0
Lyrical Ballads,Oxford University Press - Classics,William Wordsworth,490.00,490.00,Yok,0.0
Hafif Roman,Kırmızı Kalem Edebiyat,Aşkın Karaduman,440.00,343.20,Yok,0.0
Mrs Dalloway,Oxford University Press - Classics,Virginia Woolf,490.00,490.00,Yok,0.0
Uyudular İki Kez,Kırmızı Kalem Edebiyat,Senem Balaban,160.00,124.80,Yok,0.0
A Room Of One`s Own and Three Guineas,Oxford University Press - Classics,Virginia Woolf,490.00,490.00,Yok,0.0
Necat Çavuş’un Şiiri,Mevsimler Kitap,Bilal Yaşar,450.00,297.00,Yok,0.0
The Waves,Oxford University Press - Classics,Virginia Woolf,490.00,490.00,Yok,0.0
Selected Essays,Oxford University Press - Classics,Virginia Woolf,490.00,490.00,Yok,0.0
Flush,Oxford University Press - Classics,Virginia Woolf,490.00,490.00,Yok,0.0
Dante Verona`da,Artshop Yayıncılık,Dante Gabriel Rossetti,300.00,189.00,Yok,0.0
Tutsak Eylül,Bila Yayıncılık,Burhan Karacan,300.00,189.00,Yok,0.0
Jacob`s Room,Oxford University Press - Classics,Virginia Woolf,490.00,490.00,Yok,0.0
Between The Acts,Oxford University Press - Classics,Virginia Woolf,490.00,490.00,Yok,0.0
Rüzgarın Fısıltısı,Gülnar Yayınları,M. Mustafa Yıldız,250.00,182.50,Yok,0.0
Süreyya,Gülnar Yayınları,Derya Başaran,260.00,189.80,Yok,0.0
Yol Almak,Cinius Yayınları,İnci Önol,370.00,240.50,Yok,0.0
Can Kesiği - 2,Od Kitap,Nagihan Etgü,290.00,226.20,Yok,0.0
Yaşamak,Cinius Yayınları,Elinka Emel Güneş,380.00,247.00,Yok,0.0
Başucu Şiirleri 2,Od Kitap,Abdullah Yılmaz,305.00,237.90,Yok,0.0
Mavi,Klaros Yayınları,Cemre Kılıçarslan,200.00,136.00,Yok,0.0
Girift,Klaros Yayınları,Müge Atadan,350.00,238.00,Yok,0.0
Alakasız Şeyler,Klaros Yayınları,Osman Tuğlu,250.00,170.00,Yok,0.0
Gülüşüne Avuç Açtım,Fırad Yayınları,Müslüm Genç,180.00,122.40,Yok,0.0
Kaybedenlerin Tesellisi,Sidar Yayınları,Burhan Babaoğlu,400.00,272.00,Yok,0.0
Hespen Beriye,Sidar Yayınları,Nihad Şahin,350.00,238.00,Yok,0.0
Mutlu Bir Son,Elips Kitap,Memduh Şevket Esendal,290.00,197.20,Yok,0.0
Bilgeliğin Yedi Sütunu 4. Kitap,Sarmal Kitabevi,Thomas Edward Lawrence,170.00,132.60,Yok,0.0
Gölgede Yetişen Asker,Çatı Kitapları,Özkan Toykar,300.00,264.00,Yok,0.0
Kerizi Fırsata Çevirmek,Armoni Yayıncılık,Göksel Erkılıç,250.00,170.00,Yok,0.0
Sıradan Bir Kabus,Dedalus Kitap,Halle Butler,320.00,233.60,Yok,0.0
The Importance Of Being Earnest and Other Plays,Oxford University Press - Classics,Oscar Wilde,490.00,490.00,Yok,0.0
The Complete Short Stories,Oxford University Press - Classics,Oscar Wilde,490.00,490.00,Yok,0.0
The Importance Of Being Earnest and Other Plays,Oxford University Press - Classics,Oscar Wilde,490.00,490.00,Yok,0.0
Specimen Days,Oxford University Press - Classics,Walt Whitman,490.00,490.00,Yok,0.0
Şehadet Millet İçin - 3,Parola Yayınları,Tuğçe Aksal Karaoğlan,500.00,300.00,Yok,0.0
Topuz – Uğursuz Define,Gece Kitaplığı,Vehip Sinan,280.00,168.00,Yok,0.0
Topuz – Kim Kazanacak,Gece Kitaplığı,Vehip Sinan,252.00,151.20,Yok,0.0
Kevâ`ib-i Şi`r ü İnşâ,DBY Yayınları,Sâbık Edirne Müftüsü Kureyşîzâde Mehmed Fevzî Efen,455.00,377.65,Yok,0.0
Mısır Romanına Eleştirel Bir Bakış 1914-1944,DBY Yayınları,Asiye Çelenlioğlu,205.00,170.15,Yok,0.0
Topuz – Yaramaz Karga,Gece Kitaplığı,Vehip Sinan,252.00,151.20,Yok,0.0
Topuz – Yetenekli Bücür,Gece Kitaplığı,Vehip Sinan,308.00,184.80,Yok,0.0
Topuz – Yörede Neler Oluyor,Gece Kitaplığı,Vehip Sinan,280.00,168.00,Yok,0.0
Topuz – Kan Davası,Gece Kitaplığı,Vehip Sinan,210.00,126.00,Yok,0.0
Topuz – Esrarlı Yumurta,Gece Kitaplığı,Vehip Sinan,266.00,159.60,Yok,0.0
Kurşunların Gölgesinde Büyümek,Gece Kitaplığı,Abdurrahman Kaçmaz,220.00,132.00,Yok,0.0
Teraneler I,Lando Yayınları,Davut Kağan Ünalan,200.00,136.00,Yok,0.0
Taşlıtarla 5,Gece Kitaplığı,Hakan Durak,1.008.00,604.80,Yok,0.0
Tanıdığım Eski Sanatkârlar ve Osmanlı Ricâli,Ötüken Neşriyat,Reşid Halid Gönç,200.00,130.00,Yok,0.0
Şizofren Aşk`a Mektup,Dokuz Yayınları,Cezmi Ersöz,320.00,160.00,Yok,0.0
Gödeli Mehmet,Elips Kitap,Memduh Şevket Esendal,240.00,163.20,Yok,0.0
45. Durak - İmzalı,İndigo Kitap,Büşra Nur,419.00,251.40,Yok,0.0
Yine Seninle Geldi Hayat,Dokuz Yayınları,Cezmi Ersöz,140.00,70.00,Yok,0.0
Derinliğine Kimse Sevgili Olamadı,Dokuz Yayınları,Cezmi Ersöz,150.00,75.00,Yok,0.0
Hayallerini Yak Evi Isıt,Dokuz Yayınları,Cezmi Ersöz,130.00,65.00,Yok,0.0
Yok Karşılığı Yüzünün,Dokuz Yayınları,Cezmi Ersöz,120.00,60.00,Yok,0.0
Zamansız - İmzalı,İndigo Kitap,M. Rise,409.00,245.40,Yok,0.0
Kayıp Yansıma - İmzalı,İndigo Kitap,Dilara Keskin,419.00,251.40,Yok,0.0
Ölüler Konuşamaz - İmzalı,İndigo Kitap,Dilara Keskin,389.00,233.40,Yok,0.0
Kazan Melikesi Süyüm Bike,Atayurt Yayınevi,Muzaffer Kaya,200.00,156.00,Yok,0.0
Leaves Of Grass,Oxford University Press - Classics,Walt Whitman,490.00,490.00,Yok,0.0
Benekli Kordon,LibrisHub Yayınları,Sir Arthur Conan Doyle,160.00,160.00,Yok,0.0
İkinci Lekenin Esrarı,LibrisHub Yayınları,Sir Arthur Conan Doyle,160.00,160.00,Yok,0.0
The Custom Of The Country,Oxford University Press - Classics,Edith Wharton,490.00,490.00,Yok,0.0
Ayten,Divit Kitabevi,Ümüt Yiğit,240.00,163.20,Yok,0.0
Summer,Oxford University Press - Classics,Edith Wharton,490.00,490.00,Yok,0.0
Limni ve Malta Mektupları,Ötüken Neşriyat,Ziya Gökalp,590.00,383.50,Yok,0.0
Eczanedeki Kırmızı Dolap,Remzi Kitabevi,Sinem Us,270.00,189.00,Yok,0.0
Dördüncü Cemre,Odessa Yayınevi,Semih Yörük,500.00,390.00,Yok,0.0
Denemeden Bilemezsin - Fragmanlar 2,Ötüken Neşriyat,Orçun Üçer,420.00,273.00,Yok,0.0
Sükut,Odessa Yayınevi,Semih Yörük,250.00,195.00,Yok,0.0
Tekrar Düşün,Orman Kitap,Charlie Donlea,300.00,195.00,Yok,0.0
Okyanus Gözlü Çocuk,Odessa Yayınevi,Songül Darılgan Kelleci,420.00,327.60,Yok,0.0
Bozoğlan Destanı,Ötüken Neşriyat,Osman Karatay,320.00,208.00,Yok,0.0
Mavi ve Kırmızı,Odessa Yayınevi,Turgut Emrah Ardıçoğlu,280.00,218.40,Yok,0.0
Zelal,Fırad Yayınları,Selahattin Fidan,300.00,204.00,Yok,0.0
Cinayet Takvimi,Odessa Yayınevi,Hilal Gök Alan,280.00,218.40,Yok,0.0
Meyrık,Arya Yayıncılık,Bekir Sarıaltun,180.00,117.00,Yok,0.0
A Son At The Front,Oxford University Press - Classics,Edith Wharton,490.00,490.00,Yok,0.0
The First Men In The Moon,Oxford University Press - Classics,H. G. Wells,490.00,490.00,Yok,0.0
The War Of The Worlds,Oxford University Press - Classics,H. G. Wells,490.00,490.00,Yok,0.0
The Island Of Doctor Moreau,Oxford University Press - Classics,H. G. Wells,490.00,490.00,Yok,0.0
Yıldıza Dokunmak - 1,Ephesus Yayınları,Sezin Karameşe,389.00,252.85,Yok,0.0
Journey To The Centre Of The Earth,Oxford University Press - Classics,Jules Verne,490.00,490.00,Yok,0.0
Around The World In Eighty Days,Oxford University Press - Classics,Jules Verne,490.00,490.00,Yok,0.0
Fathers and Sons,Oxford University Press - Classics,Ivan Turgenev,490.00,490.00,Yok,0.0
The Adventures Of Tom Sawyer,Oxford University Press - Classics,Mark Twain,490.00,490.00,Yok,0.0
A Connecticut Yankee In King Arthur`s Court,Oxford University Press - Classics,Mark Twain,490.00,490.00,Yok,0.0
Elegies,Oxford University Press - Classics,Tibullus,490.00,490.00,Yok,0.0
Doctor Thorne TV Tie-In With A Foreword By Julian Fellowes,Oxford University Press - Classics,Anthony Trollope,490.00,490.00,Yok,0.0
Verda’nın Ölümü,Everest Yayınları,İnci Aral,225.00,146.25,Yok,0.0
Uncle Tom`s Cabin,Oxford University Press - Classics,Harriet Beecher Stowe,490.00,490.00,Yok,0.0
Yazarlar ve Leviathan: Siyaset ve Edebiyat Üzerine Seçme Makaleler,Beyoğlu Kitabevi,George Orwell,250.00,182.50,Yok,0.0
Gülfidan,Meşe Kitaplığı,Dursun Utku,350.00,273.00,Yok,0.0
Ebu Ubeyde B. El-Cerrah Ümmetin Emini,Menekşe Kitap,Salih Hakkı Bak,300.00,234.00,Yok,0.0
The Red and The Black,Oxford University Press - Classics,Stendhal,490.00,490.00,Yok,0.0
Kasırgaya Kanan Saka 2,Ephesus Yayınları,Hazel Noya,389.00,252.85,Yok,0.0
Kasırgaya Kanan Saka İkili Kutu,Ephesus Yayınları,Hazel Noya,908.00,590.20,Yok,0.0
Miss Julie and Other Plays,Oxford University Press - Classics,Johan August Strindberg,490.00,490.00,Yok,0.0
Pembe Panter Cinayetleri,Ulysses Yayınları,Erkan Aksu,270.00,210.60,Yok,0.0
Yangın,Ulysses Yayınları,Cavide Aleyna Tektaş,210.00,163.80,Yok,0.0
Antigone; Oedipus The King; Electra,Oxford University Press - Classics,Sophocles,490.00,490.00,Yok,0.0
Oedipus The King and Other Tragedies,Oxford University Press - Classics,Sophocles,490.00,490.00,Yok,0.0
Cümle`nin Maksadı,Elya Yayıncılık,Murat Nail Üner,223.00,169.48,Yok,0.0
The Comedy Of Errors,Oxford University Press - Classics,William Shakespeare,490.00,490.00,Yok,0.0
Uyanış,Dorlion Yayınları,Kate Chopin,217.00,130.20,Yok,0.0
Gece Yürüyüşü,Dorlion Yayınları,Mahmut Yesari,167.00,100.20,Yok,0.0
Gizemli Konak,Herdem Kitap,Zeynep Güney Batımor,140.00,95.20,Yok,0.0
Cymbeline,Oxford University Press - Classics,William Shakespeare,490.00,490.00,Yok,0.0
Benim Adım Anne,Herdem Kitap,Zeynep Batımor,250.00,170.00,Yok,0.0
Troilus and Cressida: The Oxford Shakespeare,Oxford University Press - Classics,William Shakespeare,490.00,490.00,Yok,0.0
The Taming Of The Shrew: The Oxford Shakespeare,Oxford University Press - Classics,William Shakespeare,490.00,490.00,Yok,0.0
Hamlet: The Oxford Shakespeare,Oxford University Press - Classics,William Shakespeare,490.00,490.00,Yok,0.0
Semaver,SAGA Kitap,Sait Faik Abasıyanık,140.00,95.20,Yok,0.0
Othello: The Oxford Shakespeare,Oxford University Press - Classics,William Shakespeare,490.00,490.00,Yok,0.0
Şahmerdan,SAGA Kitap,Sait Faik Abasıyanık,130.00,88.40,Yok,0.0
Anthony and Cleopatra: The Oxford Shakespeare,Oxford University Press - Classics,William Shakespeare,490.00,490.00,Yok,0.0
The Merchant Of Venice: The Oxford Shakespeare,Oxford University Press - Classics,William Shakespeare,490.00,490.00,Yok,0.0
The Oxford Shakespeare: Julius Caesar,Oxford University Press - Classics,William Shakespeare,490.00,490.00,Yok,0.0
Sarnıç,SAGA Kitap,Sait Faik Abasıyanık,120.00,81.60,Yok,0.0
Bela Lugosi,Kara Karga Yayınları,Philippe Thirault,220.00,154.00,Yok,0.0
Erasmus ve Reformasyon Çağı,Dorlion Yayınları,Johan Huizinga,298.00,178.80,Yok,0.0
Belleğimden İzler,Dorlion Yayınları,Nurettin Aldemir,379.00,227.40,Yok,0.0
Manet,İş Bankası Kültür Yayınları,Nigel Rodgers,1.200.00,720.00,Yok,0.0
Karanlık Yollar,İş Bankası Kültür Yayınları,İvan Bunin,570.00,342.00,Yok,0.0
Karnaval,İş Bankası Kültür Yayınları,Ahmet Mithat Efendi,198.00,118.80,Yok,0.0
Ciddi Olmanın Önemi,İş Bankası Kültür Yayınları,Oscar Wılde,90.00,54.00,Yok,0.0
Ciddi Olmanın Önemi,İş Bankası Kültür Yayınları,Oscar Wılde,460.00,276.00,Yok,0.0
Karanlık Yollar,İş Bankası Kültür Yayınları,İvan Bunin,240.00,144.00,Yok,0.0
Plassans Papazi,LibrisHub Yayınları,Emile Zola,250.00,250.00,Yok,0.0
Sesler Adacığı,LibrisHub Yayınları,Robert Louis Stevenson,160.00,160.00,Yok,0.0
Tavşan Dudaklı Adam,LibrisHub Yayınları,Sir Arthur Conan Doyle,160.00,160.00,Yok,0.0
Yeraltından Notlar,LibrisHub Yayınları,Fyodor Mihailoviç Dostoyevski,180.00,180.00,Yok,0.0
Hiçkimse Koyu’nda Bir Yıl,Everest Yayınları,Peter Handke,545.00,354.25,Yok,0.0
Ütopya,LibrisHub Yayınları,Thomas More,160.00,160.00,Yok,0.0
Korktuğun Ne Varsa,April Yayıncılık,Alex Finlay,390.00,253.50,Yok,0.0
Güneş Ülkesi,Kırmızı Kedi Yayınevi,Tommaso Campanella,100.00,60.00,Yok,0.0
Melmoth,İthaki Yayınları,Sarah Perry,250.00,150.00,Yok,0.0
Yıldız Gezgini,İthaki Yayınları,Jack London,250.00,150.00,Yok,0.0
Mavi Oktav Defterleri,Kırmızı Kedi Yayınevi,Franz Kafka,100.00,60.00,Yok,0.0
Much Ado About Nothing: The Oxford Shakespeare,Oxford University Press - Classics,William Shakespeare,490.00,490.00,Yok,0.0
Günahın Silinişi,Prime Kitap,Natasha Knight,340.00,340.00,Yok,0.0
Julius Caesar,Oxford University Press - Classics,William Shakespeare,490.00,490.00,Yok,0.0
Richard II,Oxford University Press - Classics,William Shakespeare,490.00,490.00,Yok,0.0
Pusudaki Dehşet,Otantik Kitap,H.P. Lovecraft,210.00,105.00,Yok,0.0
King Henry VIII; Or All is True,Oxford University Press - Classics,William Shakespeare,490.00,490.00,Yok,0.0
Sudan Hikayeler,Türkiye Diyanet Vakfı Yayınları,Kadir Kargı,150.00,120.00,Yok,0.0
A Midsummer Night`s Dream: The Oxford Shakespeare,Oxford University Press - Classics,William Shakespeare,490.00,490.00,Yok,0.0
Hicaz ve Suriye Hatırası,Türkiye Diyanet Vakfı Yayınları,El Hac Hüseyin Vassaf,800.00,640.00,Yok,0.0
The History Of King Lear: The Oxford Shakespeare,Oxford University Press - Classics,William Shakespeare,490.00,490.00,Yok,0.0
Huzura Kavuşturan Kurallar Kitabı,Türkiye Diyanet Vakfı Yayınları,Soner Duman,200.00,160.00,Yok,0.0
Türkçede Belirlilik Kategorisi Kodlayıcıları Olarak Nesne Ekleri,Sonçağ Yayınları,Ayşe Ardıç,248.00,205.84,Yok,0.0
The Winter`s Tale: The Oxford Shakespeare,Oxford University Press - Classics,William Shakespeare,490.00,490.00,Yok,0.0
Titus Andronicus,Oxford University Press - Classics,William Shakespeare,490.00,490.00,Yok,0.0
Veysel Çavuş,Elips Kitap,Memduh Şevket Esendal,320.00,217.60,Yok,0.0
Sessiz Çığlık,Kırmızı Çatı Yayınları,Ayfer Şenel Çavuş,315.00,245.70,Yok,0.0
Redgauntlet,Oxford University Press - Classics,Walter Scott,490.00,490.00,Yok,0.0
Ivanhoe,Oxford University Press - Classics,Walter Scott,490.00,490.00,Yok,0.0
Yer Gök Lila,Kırmızı Çatı Yayınları,Mümin M. Kul,265.00,206.70,Yok,0.0
Narçiçeğim - 1,Oleksa Yayınevi,H.C,315.00,229.95,Yok,0.0
Classical Literary Criticism,Oxford University Press - Classics,Kolektif,490.00,490.00,Yok,0.0
Gölge,Oleksa Yayınevi,Süveyda Ak,350.00,255.50,Yok,0.0
Keske Dawi Di Cenazeya Xwede De,Peri Yayınları,Hoşeng Broka,120.00,87.60,Yok,0.0
Ernesto Che Guevara - Biraninen Şer,Peri Yayınları,Kolektif,150.00,109.50,Yok,0.0
Sam Zal ve Oğlu Rüstem,Peri Yayınları,Norma Lorre Goodrich,100.00,73.00,Yok,0.0
Aşkın Kısa Tarihi,Peri Yayınları,Ali Biçer,70.00,51.10,Yok,0.0
Ben Vincent ve Korkmuyorum,Genç Timaş,Enne Koens,195.00,122.85,Yok,0.0
Pamela Or Virtue Rewarded,Oxford University Press - Classics,Samuel Richardson,490.00,490.00,Yok,0.0
Bir Akademisyenin Ardından - Güney Ferhat Batı Anısına,Dorlion Yayınları,Kollektif,535.00,321.00,Yok,0.0
Swann In Love,Oxford University Press - Classics,Marcel Proust,490.00,490.00,Yok,0.0
Love in Scutari,Amore Yayınevi,Tayfun Atmaca,343.00,343.00,Yok,0.0
Kerberos,Edebiyatist,Bayram Sarı,280.00,204.40,Yok,0.0
Sert Yokuş,Edebiyatist,Asiye Caner Kendir,250.00,182.50,Yok,0.0
Bir Şair Bir Şiir 2,Kiba Yayımcılık,Zehra Şahin,300.00,204.00,Yok,0.0
Edebiyat Kırıntıları,Kiba Yayımcılık,Sinem Şahin,300.00,204.00,Yok,0.0
Şipşak,Kiba Yayımcılık,Beyza Bakırcı,350.00,238.00,Yok,0.0
Tülpansızlık Yarası,Kiba Yayımcılık,Hatice Kutlu,300.00,204.00,Yok,0.0
Gönlümdeki Mısra,Kiba Yayımcılık,Hatice Kutlu,200.00,136.00,Yok,0.0
Gül Bakalım,Kiba Yayımcılık,Caner Doğruyol,300.00,204.00,Yok,0.0
Aral Gibi,Kiba Yayımcılık,Ayten Taş,300.00,204.00,Yok,0.0
Olmayacak Duaya Amin,Kiba Yayımcılık,Gül Leyl,400.00,272.00,Yok,0.0
Gölgeler,Kiba Yayımcılık,Arzu Cengiz,300.00,204.00,Yok,0.0
Mutluluk İhtimali,Livera Yayınevi,Anne Rabe,385.00,319.55,Yok,0.0
John Cage - Seçme Yazılar,Pan Yayıncılık,John Cage,800.00,584.00,Yok,0.0
Tuzlu Uzaklık,Salon Yayınları,Mehmet Baltacan,189.00,122.85,Yok,0.0
Kerim Aba ve Gelini,Cinius Yayınları,Emine Sarı Aksoyer,350.00,227.50,Yok,0.0
Haluk Şahin’in Bozcaada Kitabı,Arkeoloji ve Sanat Yayınları,Haluk Şahin,585.00,485.55,Yok,0.0
Beş Numaralı Kural,Artemis Yayınları,J. Wilder,325.00,211.25,Yok,0.0
Parçalar Halinde Hayatım,Ayrıntı Yayınları,Zygmunt Bauman,270.00,202.50,Yok,0.0
Kayıp Nesil,Cinius Yayınları,Sündüs Şahin,270.00,175.50,Yok,0.0
Yazıyla Fotoğraf Çekmek,Favori Yayınları,Recai Şeyhoğlu,150.00,117.00,Yok,0.0
Baki Karanlık,Ayrıntı Yayınları,William McIlvanney,270.00,202.50,Yok,0.0
Kütüphaneler Zinciri İle Aydınlanma Evlerine Toplu Bakış,Favori Yayınları,Recai Şeyhoğlu,200.00,156.00,Yok,0.0
Ne Hissediyorum,Favori Yayınları,İlatun,150.00,117.00,Yok,0.0
Değerlere Saygı,Favori Yayınları,Recai Şeyhoğlu,150.00,117.00,Yok,0.0
H.Ö.T - Hayat Öfke Tuzak,Servet Yayınevi,İsmail Sevim,500.00,390.00,Yok,0.0
Güneşsiz: 1 - Cehennem Diskosu,Doğan Kitap,Jean-Christophe Grange,375.00,262.50,Yok,0.0
Görünmez Otel,Timaş Yayınları,Yeji Y. Ham,350.00,227.50,Yok,0.0
Bir Aşkın On Günü,Doğan Kitap,İrem Uzunhasanoğlu,350.00,245.00,Yok,0.0
Clara`ya Mektuplar,Doğan Kitap,Juan Rulfo,350.00,245.00,Yok,0.0
The Vampyre and Other Tales Of The Macabre,Oxford University Press - Classics,John Polidori,490.00,490.00,Yok,0.0
Selected Tales,Oxford University Press - Classics,Edgar Allan Poe,490.00,490.00,Yok,0.0
The Narrative Of Arthur Gordon Pym Of Nantucket and Related Tales,Oxford University Press - Classics,Edgar Allan Poe,490.00,490.00,Yok,0.0
Üniversiteli Köylü,Vova Yayınları,Hayati Telci,450.00,351.00,Yok,0.0
San Francisco Tokyo Hattı,Vova Yayınları,Yaşar Ali Meşe,110.00,85.80,Yok,0.0
The Oregon Trail,Oxford University Press - Classics,Francis Parkman Jr.,490.00,490.00,Yok,0.0
Tahtakurusu,Felix Kitap,Vladimir Mayakovski,220.00,193.60,Yok,0.0
Metamorphoses,Oxford University Press - Classics,Ovid,490.00,490.00,Yok,0.0
Şafağın Kızı Yona Cilt 4,Komikşeyler Yayıncılık,Mizuho Kusanagi,170.00,119.00,Yok,0.0
Nisa,40 Kitap,Aysel Soylu,350.00,238.00,Yok,0.0
Gangsta Cilt 8,Komikşeyler Yayıncılık,Kohske,180.00,126.00,Yok,0.0
Takunyalı Rahvan Atlar,Lil Yayınları,Muraz Arslan,200.00,200.00,Yok,0.0
Solo Leveling Novel Cilt 5,Komikşeyler Yayıncılık,Chugong,250.00,175.00,Yok,0.0
Endülüs Ajandasından Türkiye Yüzyılı,Çıra Yayınları,Mustafa Kurt,420.00,294.00,Yok,0.0
Gangsta Cilt 7,Komikşeyler Yayıncılık,Kohske,180.00,126.00,Yok,0.0
Solo Leveling Novel Cilt 6,Komikşeyler Yayıncılık,Chugong,250.00,175.00,Yok,0.0
Enikonu Araf,Siyah Beyaz Yayınları,Burak Korkmaz,180.00,117.00,Yok,0.0
Sana Bir Cümlem Var,Çıra Yayınları,Hatice Döne Gül,275.00,192.50,Yok,0.0
Hayallerim Gerçeklerimden Büyüktü,Siyah Beyaz Yayınları,Celal Karaarslan,200.00,130.00,Yok,0.0
Yeni Dünya İncili,Bilgi Yayınevi,Maryse Conde,320.00,233.60,Yok,0.0
Benden Kalan İzler,Siyah Beyaz Yayınları,Güler Kahraman,240.00,156.00,Yok,0.0
Japonca ve Altay Dilleri,BilgeSu Yayıncılık,Talat Tekin,175.00,127.75,Yok,0.0
İçindeki Sessizlik,Çatı Kitapları,Uygar Uluçay,250.00,220.00,Yok,0.0
Dolunay,Klaros Yayınları,Gülizar Yıldız,400.00,272.00,Yok,0.0
Bodoslama,Armoni Yayıncılık,Kolektif,250.00,170.00,Yok,0.0
Sürgündeki Dante,Klaros Yayınları,Halit Payza,300.00,204.00,Yok,0.0
Benim Suçum Ne,Klaros Yayınları,Gülizar Yıldız,350.00,238.00,Yok,0.0
Bir Yara Gibi Yazmak,Klaros Yayınları,Hüseyin Satoğlu,250.00,170.00,Yok,0.0
Hayatımı Kendim Boyadım,Ceres Yayınları,R. Şükrü Ergün,260.00,182.00,Yok,0.0
Akıllı Kuşlar,Klaros Yayınları,Etem Oruç,180.00,122.40,Yok,0.0
Baharlar Ne Söyler Sana,Klaros Yayınları,Duran Aydın,350.00,238.00,Yok,0.0
Şahmerdan,Elips Kitap,Sait Faik Abasıyanık,220.00,149.60,Yok,0.0
Aşktan Ağzı Yanan,Artemis Yayınları,Chloe Liese,475.00,308.75,Yok,0.0
Havada Bulut,Elips Kitap,Sait Faik Abasıyanık,220.00,149.60,Yok,0.0
Aşktan Ağzı Yanan,Artemis Yayınları,Chloe Liese,375.00,243.75,Yok,0.0
Zatıali,Dionysos Yayın Group,İbrahim Deniz,425.00,289.00,Yok,0.0
Zühre,Alaska Yayınevi,Zeynep Batımor,200.00,176.00,Yok,0.0
Futbolun Devleri Ronaldo & Messi,Dionysos Yayın Group,Fatih Türkmen,455.00,309.40,Yok,0.0
Okumayı Yeniden Düşünmek,Çizgi Kitabevi Yayınları,Şahbender Çoraklı,180.00,149.40,Yok,0.0
Sırlı Hamleler,Turay Kitap Yayıncılık,Latife Oruç,400.00,312.00,Yok,0.0
İbrahimce Şiirler,İYE Kitap,İbrahim Abdülhalik Canbaz,250.00,250.00,Yok,0.0
Zafer Benim,Dionysos Yayın Group,Ömer Keskin,475.00,323.00,Yok,0.0
Peşk,Sidar Yayınları,Zeynep Işık,250.00,170.00,Yok,0.0
Rumkale’de Bir Ermeni,Sidar Yayınları,Atalay Çimen,250.00,170.00,Yok,0.0
Benim Çok Ülke Adım,Palet Yayınları,Melih Erzen,300.00,195.00,Yok,0.0
Fenomenin Rüyası,Dionysos Yayın Group,Ayşegül Sayed,775.00,527.00,Yok,0.0
Fırat’ın Sırrı,Sidar Yayınları,Atalay Çimendağ,250.00,170.00,Yok,0.0
Mezopotamya Şairler Antolojisi-1,Sidar Yayınları,Halil Doğan,250.00,170.00,Yok,0.0
The Scarlet Pimpernel,Oxford University Press - Classics,Baroness Emma Orczy,490.00,490.00,Yok,0.0
Victorian Fairy Tales,Oxford University Press - Classics,Kolektif,490.00,490.00,Yok,0.0
Biraz Konuşmasak,Lando Yayınları,Kaan Koç,180.00,122.40,Yok,0.0
The Confusions Of Young Törless,Oxford University Press - Classics,Robert Musil,490.00,490.00,Yok,0.0
The Origins Of Science Fiction,Oxford University Press - Classics,Michael Newton,490.00,490.00,Yok,0.0
News From Nowhere,Oxford University Press - Classics,William Morris,490.00,490.00,Yok,0.0
Aynadaki Katil,Fısıldayan Kalemler Yayınevi,Elif Ünal Yıldız,160.00,140.80,Yok,0.0
Esther Waters,Oxford University Press - Classics,George Moore,490.00,490.00,Yok,0.0
Three Early Modern Utopias,Oxford University Press - Classics,Thomas More,490.00,490.00,Yok,0.0
Kimliksiz Kervanlar,Kara Caretta,İlyas Akbal,200.00,200.00,Yok,0.0
Synoverse – İnovasyonun Ötesinde,TG World Bilişim Akademisi,Bilhan Karabulut,299.00,227.24,Yok,0.0
Çeviri Göstergebilimi Bağlamında Necîb Mahfûz’un “Leyâlî Elf Leyle” Adlı Romanının Çözümlenmesi,Gece Kitaplığı,Ebrar Ayyıldız,469.00,281.40,Yok,0.0
Lalelerin ve Ressamların Ülkesi Hollanda` da Bir Çevelan,Ekin Basım Yayın,Ekrem Hayri Peker,460.00,427.80,Yok,0.0
Ekonomik Regülasyonların Sosyo-Ekonomik Etkileri,Serüven Yayınevi,Almina Derya Bıçaksız,273.00,163.80,Yok,0.0
Hafızamın Sekizinci Katı-İF,Yazardan Direkt Yayınevi,Serkan Elmas,400.00,272.00,Yok,0.0
Örgütsel Kültür İle Yenilikçilik Odaklı Örgütsel Faktörler Arasındaki İlişki,Serüven Yayınevi,Abidin Ozan Onağ,154.00,92.40,Yok,0.0
Behold the Human,Amore Yayınevi,Baler Anıl,196.00,196.00,Yok,0.0
The Eroticism Of Love,Amore Yayınevi,Abdullah Yılmaz,147.00,147.00,Yok,0.0
The Founders,Amore Yayınevi,Şafak Akgün,140.00,140.00,Yok,0.0
Effi Briest,Oxford University Press - Classics,Theodor Fontane,490.00,490.00,Yok,0.0
Paradise Lost,Oxford University Press - Classics,John Milton,490.00,490.00,Yok,0.0
Sessiz Çığlık I,Gece Kitaplığı,Necla Yazgı,217.00,130.20,Yok,0.0
"Çocuktum, Düştüm ve Ben Hep Çocuktum",Gece Kitaplığı,Yazgül Satı,238.00,142.80,Yok,0.0
Moby-Dick,Oxford University Press - Classics,Herman Melville,490.00,490.00,Yok,0.0
Doctor Faustus and Other Plays,Oxford University Press - Classics,Christopher Marlowe,490.00,490.00,Yok,0.0
"Billy Budd, Sailor and Selected Tales",Oxford University Press - Classics,Herman Melville,490.00,490.00,Yok,0.0
Late Victorian Gothic Tales,Oxford University Press - Classics,Roger Luckhurst,490.00,490.00,Yok,0.0
Amazing Spiderman - Almanak 1965,Marmara Çizgi,Stan Lee,400.00,256.00,Yok,0.0
The Man Of Feeling,Oxford University Press - Classics,Henry Mackenzie,490.00,490.00,Yok,0.0
The Man Of Feeling,Oxford University Press - Classics,Henry Mackenzie,490.00,490.00,Yok,0.0
The Monk,Oxford University Press - Classics,Matthew Lewis,490.00,490.00,Yok,0.0
Csutora,Can Yayınları,Sandor Marai,240.00,144.00,Yok,0.0
John Barleycorn,Oxford University Press - Classics,Jack London,490.00,490.00,Yok,0.0
The Phantom Of The Opera,Oxford University Press - Classics,Gaston Leroux,490.00,490.00,Yok,0.0
Dünyayı Kuşatan Dil: Türkçe,Tedev Yayınları,Tayfun Haykır,200.00,156.00,Yok,0.0
Ateşin Koynunda,Pukka Yayınları,Sıla Koçak,399.00,199.50,Yok,0.0
A Hero Of Our Time,Oxford University Press - Classics,Mikhail Lermontov,490.00,490.00,Yok,0.0
Virane Düşler,Pukka Yayınları,Ümran Tan,399.00,199.50,Yok,0.0
Women In Love,Oxford University Press - Classics,D. H. Lawrence,490.00,490.00,Yok,0.0
The Rainbow,Oxford University Press - Classics,D. H. Lawrence,490.00,490.00,Yok,0.0
Tılsım ve Sis 1: Cadı Avı – Hediyeli Kutu,Guardian,Seda Lena,519.00,311.40,Yok,0.0
Yazgan,Lando Yayınları,Doğa Türkkan,180.00,122.40,Yok,0.0
Heyula Hayali,Lando Yayınları,Seher Özkök,175.00,119.00,Yok,0.0
Tılsım ve Sis 1: Cadı Avı,Guardian,Seda Lena,389.00,233.40,Yok,0.0
Sukutuhayal Sokak,İleri Yayınları,Kan Demirkol,150.00,102.00,Yok,0.0
Kayıp Aranıyor,Elips Kitap,Sait Faik Abasıyanık,220.00,149.60,Yok,0.0
Hanımefendi Kızıldır,Lando Yayınları,Gülce Başer,175.00,119.00,Yok,0.0
Just So Stories For Little Children,Oxford University Press - Classics,Joseph Rudyard Kipling,490.00,490.00,Yok,0.0
Les Liaisons Dangereuses,Oxford University Press - Classics,Pierre Choderlos de Laclos,490.00,490.00,Yok,0.0
Aurora Kralı’nın Hükümdarlığı,Juno Kitap,Nisha J. Tuli,348.00,191.40,Yok,0.0
Doğruluk Mu Sakal Mı?,Juno Kitap,Penny Reid,348.00,191.40,Yok,0.0
The Castle,Oxford University Press - Classics,Franz Kafka,490.00,490.00,Yok,0.0
Düş Hırsızları,Juno Kitap,Maggie Stiefvater,348.00,191.40,Yok,0.0
Selected Poetry,Oxford University Press - Classics,John Keats,490.00,490.00,Yok,0.0
Sessiz Miras,Arkadya Yayınları,Melanie Dobson,240.00,168.00,Yok,0.0
The Trial,Oxford University Press - Classics,Franz Kafka,490.00,490.00,Yok,0.0
Eirik The Red and Other Icelandic Sagas,Oxford University Press - Classics,Kolektif,490.00,490.00,Yok,0.0
"The History Of Rasselas, Prince Of Abissinia",Oxford University Press - Classics,Samuel Johnson,490.00,490.00,Yok,0.0
Beni Bekleyen Bir Dağ Biliyorum,Dedalus Kitap,Sholeh Rezazadeh,200.00,146.00,Yok,0.0
Collected Ghost Stories,Oxford University Press - Classics,M. R. James,490.00,490.00,Yok,0.0
Babam ve Ben,Beyan Yayınları,Osman Hazır,180.00,117.00,Yok,0.0
Horror Stories,Oxford University Press - Classics,Kolektif,490.00,490.00,Yok,0.0
Fantastik Dörtlü Galactus`un Gelişi,Arka Bahçe Yayıncılık,Stan Lee,220.00,149.60,Yok,0.0
Fantastik Dörtlü Doktor Doom İle Tanışın,Arka Bahçe Yayıncılık,Stan Lee,96.00,65.28,Yok,0.0
The Iliad,Oxford University Press - Classics,Homer,490.00,490.00,Yok,0.0
"Josee, Kaplan ve Balık - 1",Kayıp Kıta Yayınları,Seiko Tanabe,220.00,160.60,Yok,0.0
Raffles: The Amateur Cracksman,Oxford University Press - Classics,E. W. Hornung,490.00,490.00,Yok,0.0
Bir Anadolu Hikayesi Gelinliksiz Gelinler,Kanguru Yayınları,Ümran Erol,280.00,190.40,Yok,0.0
Uykulara Ara Verdim,Dilkitap Yayınları,Dursun Erdoğan,200.00,136.00,Yok,0.0
Dağ Resmi,Pikaresk Yayınevi,Serap Aslı Araklı,220.00,149.60,Yok,0.0
Dünyaya Ayna Tutmak,Raf Kitap,Ertuğrul Aydın,200.00,136.00,Yok,0.0
Derik Delileri,Raf Kitap,Vejdin Çiçek,220.00,149.60,Yok,0.0
Renksiz Aşklar Coğrafyası,Pikaresk Yayınevi,Burak Tokcan,200.00,136.00,Yok,0.0
Renklerin Ayini,Aryen Yayınları,Gulecan,160.00,108.80,Yok,0.0
Şikefta Çirokan,Aryen Yayınları,Leyla Atabay,260.00,176.80,Yok,0.0
Kula Faykeye Spi,Aryen Yayınları,Yaşar Eroglu,160.00,108.80,Yok,0.0
Daye Koban,Aryen Yayınları,Xece Redur,160.00,108.80,Yok,0.0
Enwer Newaya Hevretiye,Aryen Yayınları,Huseyin Guçlu,260.00,176.80,Yok,0.0
Kırlangıçlar Geldiğinde,Aryen Yayınları,Hüseyin Sürgeç,260.00,176.80,Yok,0.0
Kubilay Odabaş Karikatürler 3,Komikşeyler Yayıncılık,Kubilay Odabaş,120.00,84.00,Yok,0.0
Kişisel Gelişmeyişim,Komikşeyler Yayıncılık,Mert Dolapçıoğlu,180.00,126.00,Yok,0.0
Paradise Kiss Cilt 2 - Cennet Öpücüğü,Komikşeyler Yayıncılık,Ai Yazawa,480.00,336.00,Yok,0.0
Kırmızı Mum ve Deniz Kızı,Komikşeyler Yayıncılık,Ogawa Mimei,125.00,87.50,Yok,0.0
Uyu Ay Ormanı Tanrısı,Komikşeyler Yayıncılık,Nahoko Uehashi,180.00,126.00,Yok,0.0
Şimdiyi Özlemek,Mavi Nefes Yayınları,Gülbikar Alkan Kırılmaz,200.00,136.00,Yok,0.0
Düş ve Kanat,Dorlion Yayınları,Süheyla Yıldız,126.00,75.60,Yok,0.0
Halime ve Sevdayı Masumane,Dorlion Yayınları,Mehmet Vecihi,126.00,75.60,Yok,0.0
Mevlana Celaleddin-i Rumi,Dorlion Yayınları,F. Hadland Davis,126.00,75.60,Yok,0.0
Mezopotamya,Dorlion Yayınları,Süheyla Yıldız,126.00,75.60,Yok,0.0
Doğu ve Batı Edebiyatında Polisiye,Kriter Yayınları,Elvan Mutlu,300.00,249.00,Yok,0.0
Çoban Yıldızı,Dorlion Yayınları,Mahmut Yesari,348.00,208.80,Yok,0.0
Tanrı’nın Eli,Luna Yayınları,Yurdanur Kaya,254.00,198.12,Yok,0.0
Anita,Dorlion Yayınları,Aziz Serhat Baykara,126.00,75.60,Yok,0.0
Büyük Petro,Dorlion Yayınları,Aleksi Nikolayeviç Tolstoy,516.00,309.60,Yok,0.0
Bir Dalda İki Elma,Dorlion Yayınları,Ali Balkız,156.00,93.60,Yok,0.0
Babil Kitaplığı’ndan En Güzel Öyküler,Dorlion Yayınları,William Beckford,266.00,159.60,Yok,0.0
Bir Varmış Bir Çokmuş,Dorlion Yayınları,Serdar Rodoplu,260.00,156.00,Yok,0.0
Sessiz Sofra,Patara Kitap,Muhittin Çiftçi,288.00,253.44,Yok,0.0
Bedel,İkinci Adam Yayınları,Başak Derya Çetin,150.00,97.50,Yok,0.0
Alamut`un Efendisi- Hasan Sabbah,Panama Yayıncılık,Pol Amir,390.00,234.00,Yok,0.0
Joseph Goebbels`in Hatıraları,Panama Yayıncılık,Joseph Goebbels,180.00,108.00,Yok,0.0
Hatırla,Tilki Kitap,Bahar İşlek,390.00,253.50,Yok,0.0
Manas’ın Oğlu Cengiz Aytmatov,Manas Yayıncılık,Mehmet Yılmaz,280.00,280.00,Yok,0.0
Celal Bayar’ın Son Doktoru Anlatıyor,Manas Yayıncılık,Koptagel İlgün,250.00,250.00,Yok,0.0
Hayatın İçinden,Nitelik Kitap,Yetkin Asil,160.00,124.80,Yok,0.0
The Odyssey,Oxford University Press - Classics,Homer,490.00,490.00,Yok,0.0
Sir Gawain and The Green Knight,Oxford University Press - Classics,Kolektif,490.00,490.00,Yok,0.0
Theogony and Works and Days,Oxford University Press - Classics,Hesiod,490.00,490.00,Yok,0.0
Kalbinin Sesini Dinle,Ekin Yayınları,Şefik Sevim,200.00,156.00,Yok,0.0
The Return Of The Native,Oxford University Press - Classics,Thomas Hardy,490.00,490.00,Yok,0.0
Plays and Petersburg Tales,Oxford Yayınları,Nikolay Gogol,490.00,406.70,Yok,0.0
Ayşe Öğretmen,Alaska Yayınevi,Kazım Kaya,300.00,264.00,Yok,0.0
Wives and Daughters,Oxford University Press - Classics,Elizabeth Gaskell,490.00,490.00,Yok,0.0
Sağır Şezlong,Yaka Yayınları,Sıla Özçelik Yener,200.00,156.00,Yok,0.0
Göksu,Tulu Kitap,A. Erkan Akay,200.00,156.00,Yok,0.0
Faust,Oxford University Press - Classics,Johann Wolfgang Von Goethe,490.00,490.00,Yok,0.0
The Song Of Roland and Other Poems Of Charlemagne,Oxford University Press - Classics,Kolektif,490.00,490.00,Yok,0.0
Fantastik 4 İlk Adımlar,Felix Koleksiyon,Mat Fraction,140.00,140.00,Yok,0.0
Babalar ve Oğullar,Elips Kitap,İvan Sergeyeviç Turgenyev,340.00,231.20,Yok,0.0
Mağdurun Tenha Türküsü,İdeal Kültür Akademi,Özlem Fedai,350.00,350.00,Yok,0.0
Yıldızlar ve Gözyaşı,Oleksa Yayınevi,Melisa Erdoğan,110.00,80.30,Yok,0.0
6 Saat 22 Dakika Tarihî Hikâyeler,Hasbahçe,Ahmet Yalçın,110.00,74.80,Yok,0.0
Mir 2,Guardian,Hümeyra,389.00,233.40,Yok,0.0
Yaşama Sevinci Tuşlarla Buluşunca Gülsin Onay,Sevda-Cenap And Müzik Vakfı Yayınları,Serhan Yedig,350.00,308.00,Yok,0.0
Kahır ve Ayin,Ebabil Yayınları,Bahtiyar Aslan,110.00,85.80,Yok,0.0
Autobiography and Other Writings,Oxford University Press - Classics,Benjamin Franklin,490.00,490.00,Yok,0.0
Nâzım Hikmet Şiirinde Özne Sorunsalı,Ebabil Yayınları,Alptuğ Topaktaş,300.00,234.00,Yok,0.0
Zamanın Kayıp İzleri,Orionebula Yayınevi,Cansu Yurttaş,330.00,240.90,Yok,0.0
Değişim Zamanı,Yabancı Yayınları,Sharon M. Peterson,300.00,180.00,Yok,0.0
Kalpte Saklı Kelimeler,Yabancı Yayınları,Mia Sheridan,280.00,168.00,Yok,0.0
Lüzumsuz Adam,İthaki Yayınları,Sait Faik Abasıyanık,90.00,54.00,Yok,0.0
Hayatı Sevme Hastalığı,İthaki Yayınları,Sibel K. Türker,220.00,132.00,Yok,0.0
Komşu Kızı,İthaki Yayınları,Jack Ketchum,280.00,168.00,Yok,0.0
Biçicinin Kasırgası - Malazan Yitikler Kitabı 7,İthaki Yayınları,Steven Erikson,850.00,510.00,Yok,0.0
Biçicinin Kasırgası - Malazan Yitikler Kitabı 7,İthaki Yayınları,Steven Erikson,1.250.00,750.00,Yok,0.0
Sırt 1 : Gerçek,Orionebula Yayınevi,Ezgi Çolak,300.00,219.00,Yok,0.0
Araf Yansıma,Tilge Yayınevi,Selin Çetin,270.00,197.10,Yok,0.0
Nefret Çağı,Tilge Yayınevi,Hamza Canbek,450.00,328.50,Yok,0.0
Tanrıların Projesi,Orionebula Yayınevi,Berre Ayvaz,350.00,255.50,Yok,0.0
Yaşama Uzak Denize Sıfır,Tilge Yayınevi,Cansu Zorbek,300.00,219.00,Yok,0.0
Badem Çiçekleri,Tilge Yayınevi,Eylül Göktaş,270.00,197.10,Yok,0.0
Aynaistanya,Ayperi Yayınları,Halil Ünveren,200.00,126.00,Yok,0.0
Mariposa,Tilge Yayınevi,Songül Aykutluğ,330.00,240.90,Yok,0.0
Yağmurları Çağırma,Şey Kitap,Atila Er,240.00,163.20,Yok,0.0
Hayatın Şiiri,Gece Kitaplığı,Fatih Köse,203.00,121.80,Yok,0.0
Ruhun Dizeleri,Kiba Yayımcılık,Talha Reçber,350.00,238.00,Yok,0.0
Söyleyemediklerimin Küllüğü,Sokak Kitapları Yayınları,Resmi Arık,120.00,75.60,Yok,0.0
Patron Çıldırdı,Kiba Yayımcılık,Zeynep İlayda Küçük,350.00,238.00,Yok,0.0
Yaşama Düşen Öyküler,Şey Kitap,Selma Sağlamtaş,150.00,102.00,Yok,0.0
Son Parmak,Sokak Kitapları Yayınları,Azra Nur Özkutlu,150.00,94.50,Yok,0.0
Nar Çiçeği,Gece Kitaplığı,Tamer Okuç,164.00,98.40,Yok,0.0
Serbest Vezin,Gece Kitaplığı,Ragıp Topaloğlu,150.00,90.00,Yok,0.0
Acının Zamanı,Şey Kitap,Mesut Kimsesiz,180.00,122.40,Yok,0.0
Topuz- Kaçakçılar,Gece Kitaplığı,Vehip Sinan,210.00,126.00,Yok,0.0
Topuz – Huysuz Uzaylı,Gece Kitaplığı,Vehip Sinan,231.00,138.60,Yok,0.0
Topuz – Uzaylı Yaratıklar,Gece Kitaplığı,Vehip Sinan,231.00,138.60,Yok,0.0
Tek Başına,Şey Kitap,Mesut Kimsesiz,150.00,102.00,Yok,0.0
Topuz - Fedai,Gece Kitaplığı,Vehip Sinan,252.00,151.20,Yok,0.0
Gümüş Kolye,Sokak Kitapları Yayınları,Olgun olgun,150.00,94.50,Yok,0.0
Hêvî,Sokak Kitapları Yayınları,İkram Akboğa,245.00,154.35,Yok,0.0
Vahşi Batıda Kahraman Türk Kovboyları,Deniz Yayınevi,Hikmet Kızıltan,335.00,227.80,Yok,0.0
Nalbant,Sokak Kitapları Yayınları,Hıdır Çakmak,200.00,126.00,Yok,0.0
Ya Kendini Bulacaksın Ya Kendinden Bulacaksın - 1,Sokak Kitapları Yayınları,Metin Başar,140.00,88.20,Yok,0.0
Kızıl Çamlar,Liman Yayınevi,İsmet Çallıbay,120.00,81.60,Yok,0.0
Yeni Dünya Düzeni,Sokak Kitapları Yayınları,Emre Mercan,120.00,75.60,Yok,0.0
Three Tales,Oxford University Press - Classics,Gustave Flaubert,490.00,490.00,Yok,0.0
20’li Yaş,Sokak Kitapları Yayınları,Emre Mercan,120.00,75.60,Yok,0.0
Suriçi’nde Sürçenler,Liman Yayınevi,Osman Akyol,190.00,129.20,Yok,0.0
The Lost World,Grafiti Yayınları,Sir Arthur Conan Doyle,230.00,179.40,Yok,0.0
Sonra Sessizlik Konuştu,Fısıldayan Kalemler Yayınevi,Tuğçe Biryol,250.00,220.00,Yok,0.0
Hayalet Bisiklet,Fısıldayan Kalemler Yayınevi,Murat Engin Deniz,190.00,167.20,Yok,0.0
Yörünge,Sokak Kitapları Yayınları,Başak Kırcelli,400.00,252.00,Yok,0.0
Caterra`nın Mührü,Sokak Kitapları Yayınları,Duygu Yüksel,245.00,154.35,Yok,0.0
Ben Sustum O Konuştu,Fısıldayan Kalemler Yayınevi,Mehmet Nurullah Karadaş,150.00,132.00,Yok,0.0
Hayat Provası,Alaska Yayınevi,Fatmagül Tanış,150.00,132.00,Yok,0.0
Hikayeleri İle Söylenmemiş Şarkılar,Fısıldayan Kalemler Yayınevi,Nurgül Kayhan,180.00,158.40,Yok,0.0
Bir Yerim Kanıyor Onay Dolu Bakışlar,Sokak Kitapları Yayınları,Efsun Altay,202.00,127.26,Yok,0.0
M Harfinden Kuşlar,Metinlerarası Kitap,Doğuş Benli,160.00,116.80,Yok,0.0
8 Sayfalık Şiir,Sokak Kitapları Yayınları,Gökhan Darıcı,120.00,75.60,Yok,0.0
Geriye Kalan,Sokak Kitapları Yayınları,Adem Tulu,150.00,94.50,Yok,0.0
Adı Yok,Sokak Kitapları Yayınları,Aykut Yılmaz,140.00,88.20,Yok,0.0
Şimşeğin Gözyaşı,Türk Dil Kurumu Yayınları,Samsak Stanaliyev,790.00,616.20,Yok,0.0
Kaza,Türk Dil Kurumu Yayınları,İsmail Bozkurt,210.00,163.80,Yok,0.0
Toplum Sözleşmesi 2.0,Lando Yayınları,Kaan Koç,190.00,129.20,Yok,0.0
Anadolu Rüyası,Lando Yayınları,F. Mert Erdoğan,210.00,142.80,Yok,0.0
Türk Dünyası Şiir Antolojisi Özbek Şiiri,Türk Dil Kurumu Yayınları,Aynur Öz Özcan,360.00,280.80,Yok,0.0
Adeta Bir Roman,Zet Yayınları,Sezer Yorgun,170.00,132.60,Yok,0.0
Oğlumla Başbaşa,Telos Yayıncılık,Kemal Ragıp Enson,240.00,175.20,Yok,0.0
Hakan’ı Kim Öldürdü?,Divit Kitabevi,Bilge Balkan,300.00,204.00,Yok,0.0
Kırmızı Kedi,Tilki Kitap,Onur Kopçak,320.00,208.00,Yok,0.0
Karlı Dağın Kralı,Alaska Yayınevi,Bayram Alacatlı,310.00,272.80,Yok,0.0
Şükürler Olsun ki Babam Beni Okutmadı,Zet Yayınları,Sezer Yorgun,170.00,132.60,Yok,0.0
Sürtük Nağmeli Sağdıç,Lando Yayınları,Çağrı Bihter Şenkul,170.00,115.60,Yok,0.0
Kavimler Pozu,Lando Yayınları,Kaan Uzun,175.00,119.00,Yok,0.0
Dilin Kamburuymuş,Telos Yayıncılık,Devrim Gür,150.00,109.50,Yok,0.0
Unutamam,Zinde Yayıncılık,Nevrettin Uludağ,200.00,136.00,Yok,0.0
Şiddetli Biçimsiz,Lando Yayınları,Burak Saltık,200.00,136.00,Yok,0.0
Eski Ocak,Telos Yayıncılık,Burhan Cahit Morkaya,250.00,182.50,Yok,0.0
Tepetaklak,Telos Yayıncılık,Mehmet Zeki Doğan,200.00,146.00,Yok,0.0
Sana Geldim,Zinde Yayıncılık,Nevrettin Uludağ,200.00,136.00,Yok,0.0
Annem,Zinde Yayıncılık,Nevrettin Uludağ,200.00,136.00,Yok,0.0
Ruhun Bütün Baykuşları,Bila Yayıncılık,Adem Tok,250.00,157.50,Yok,0.0
Gönül Pınarı,Zinde Yayıncılık,Nevrettin Uludağ,200.00,136.00,Yok,0.0
Mavera,Artshop Yayıncılık,Nejla Kor,250.00,157.50,Yok,0.0
Bir Resim Çizdim,Zinde Yayıncılık,Bahriye Gürpınar Geredeli,150.00,102.00,Yok,0.0
Bayan Nash’in Külleri,Artemis Yayınları,Sarah Adler,345.00,224.25,Yok,0.0
Kör Ben Aynam,Amore Yayınevi,Gülay Karaoğlu,196.00,196.00,Yok,0.0
Nicolas Poussin Şifresi Özet,Amore Yayınevi,Selçuk Fatih Abak,287.00,287.00,Yok,0.0
Beyza,Zinde Yayıncılık,Veli Talha Mutlu,250.00,170.00,Yok,0.0
Para Soygunu,Amore Yayınevi,Selçuk Fatih Abak,798.00,798.00,Yok,0.0
The Beautiful and Damned,Oxford University Press - Classics,F. Scott Fitzgerald,490.00,490.00,Yok,0.0
Madame Bovary,Oxford University Press - Classics,Gustave Flaubert,490.00,490.00,Yok,0.0
Yanık Atlas,Ayabakan Yayınları,Blake Butler,350.00,238.00,Yok,0.0
Akrebin Kıskacındaki Kadın,Yafes Yayınları,Sevgi Ataş,250.00,170.00,Yok,0.0
The Karamazov Brothers,Oxford University Press - Classics,Fyodor Dostoevsky,490.00,490.00,Yok,0.0
The Great Gatsby,Oxford University Press - Classics,F. Scott Fitzgerald,490.00,490.00,Yok,0.0
The Three Musketeers,Oxford University Press - Classics,Alexandre Dumas,490.00,490.00,Yok,0.0
Crime and Punishment,Oxford University Press - Classics,Fyodor Dostoevsky,490.00,490.00,Yok,0.0
David Copperfield,Oxford University Press - Classics,Charles Dickens,490.00,490.00,Yok,0.0
Bleak House,Oxford University Press - Classics,Charles Dickens,490.00,490.00,Yok,0.0
His Last Bow,Oxford University Press - Classics,Arthur Conan Doyle,490.00,490.00,Yok,0.0
A Study In Scarlet,Oxford University Press - Classics,Arthur Conan Doyle,490.00,490.00,Yok,0.0
Sister Carrie,Oxford University Press - Classics,Theodore Dreiser,490.00,490.00,Yok,0.0
Sherlock Holmes. Selected Stories,Oxford University Press - Classics,Arthur Conan Doyle,490.00,490.00,Yok,0.0
The Return Of Sherlock Holmes,Oxford University Press - Classics,Arthur Conan Doyle,490.00,490.00,Yok,0.0
My Bondage and My Freedom,Oxford University Press - Classics,Frederick Douglass,490.00,490.00,Yok,0.0
"Narrative Of the Life Of Frederick Douglass, an American Slave",Oxford University Press - Classics,Frederick Douglass,490.00,490.00,Yok,0.0
Boş Sandalye,Düş Kurguları Yayıncılık,Erhan Demirkoparan,250.00,157.50,Yok,0.0
Benden Bir Şeyler,Meşe Kitaplığı,Dilay Bilgili,150.00,117.00,Yok,0.0
Sesim Bende Kaldı,Armoni Yayıncılık,Arslan Kaya,390.00,265.20,Yok,0.0
Ruh Uçurumu,Armoni Yayıncılık,Mustafa Arslan,340.00,231.20,Yok,0.0
Venedik’in Ötesinde,Armoni Yayıncılık,Hakan Laloğlu,300.00,204.00,Yok,0.0
Türkçenin Sınırlarında Nöbet,Kaynak Yayınları,Kemal Ateş,200.00,136.00,Yok,0.0
Dual - Jaze,Lapis Kitap,Mısra Mutlu,449.00,224.50,Yok,0.0
Filistin Diriliş İlahileri,Kaynak Yayınları,Hüseyin Haydar,220.00,149.60,Yok,0.0
Otelde Cinayet,İkinci Adam Yayınları,Yusuf Şimşek,230.00,149.50,Yok,0.0
Arıza Kelebekler,Karina Yayınevi,Didem Tomaslar,150.00,109.50,Yok,0.0
Kirpik ve Roma,Karina Yayınevi,Furkan Bulut,130.00,94.90,Yok,0.0
Defter-i Uşşak’dan Seçmeler,Değişim Yayınları,Orhan Alimoğlu,290.00,229.10,Yok,0.0
Sana Ben Lazım,Düş Kurguları Yayıncılık,Umut Aydın,400.00,252.00,Yok,0.0
Bir Cumhuriyet Öğretmeni Namık Ayas’ın Gözüyle Konya,Çizgi Kitabevi Yayınları,Mustafa Özcan,300.00,249.00,Yok,0.0
Yarım Kalmış Bir Anadolu Hikâyesi Muhsin Yazıcıoğlu,Kitap Arası,B. Berkcan Karacaoğlu,280.00,232.40,Yok,0.0
Tom Jones,Oxford University Press - Classics,Henry Fielding,490.00,490.00,Yok,0.0
Şairin İlham Perileri,Urzeni Yayıncılık,A. Altan Ekşioğlu,19.00,14.82,Yok,0.0
Hataylı Aşık Hafız Hoca,Çizgi Kitabevi Yayınları,Damlanur Küçükyıldız Gözelce,200.00,166.00,Yok,0.0
Taş Konak,Urzeni Yayıncılık,A. Altan Ekşioğlu,19.00,14.82,Yok,0.0
The Princesse de Cleves,Oxford University Press - Classics,Madame de Lafayette,490.00,490.00,Yok,0.0
Medea and Other Plays,Oxford University Press - Classics,Euripides,490.00,490.00,Yok,0.0
Aşk Olsun Sana,Düş Kurguları Yayıncılık,Alptekin Topal,240.00,151.20,Yok,0.0
The Count Of Monte Cristo,Oxford University Press - Classics,Alexandre Dumas,490.00,490.00,Yok,0.0
Daniel Deronda,Oxford University Press - Classics,George Eliot,490.00,490.00,Yok,0.0
"The Lifted Veil, and Brother Jacob",Oxford University Press - Classics,George Eliot,490.00,490.00,Yok,0.0
Yıkım 04.17,Düş Kurguları Yayıncılık,Mehmet Köseoğlu,250.00,157.50,Yok,0.0
Confessions Of an English Opium-Eater and Other Writings,Oxford University Press - Classics,Thomas De Quincey,490.00,490.00,Yok,0.0
Pere Goriot,Oxford University Press - Classics,Honore de Balzac,490.00,490.00,Yok,0.0
A Day In The Country and Other Stories,Oxford University Press - Classics,Guy de Maupassant,490.00,490.00,Yok,0.0
Five Plays,Oxford University Press - Classics,Anton Chekhov,490.00,490.00,Yok,0.0
About Love and Other Stories,Oxford University Press - Classics,Anton Chekhov,490.00,490.00,Yok,0.0
Çintıl`ın Gizli Dünyası,Bilge Tasarı Yayınevi,Nisan Bal Atalay,299.00,218.27,Yok,0.0
Heart Of Darkness and Other Tales,Oxford University Press - Classics,Joseph Conrad,490.00,490.00,Yok,0.0
Letters From an American Farmer,Oxford University Press - Classics,J. Hector St John de Crevecoeur,490.00,490.00,Yok,0.0
The Woman in White,Oxford University Press - Classics,Wilkie Collins,490.00,490.00,Yok,0.0
Victory,Oxford University Press - Classics,Joseph Conrad,490.00,490.00,Yok,0.0
Bir İstihbaratçının Yaşam Öyküsü,Mahlas Yayınları,Ferhat Yaman,305.00,237.90,Yok,0.0
Kendime Sesleniyorum,İştirak Yayınevi,Sema Şentürk,220.00,149.60,Yok,0.0
Gulyabani,Tedev Yayınları,Hüseyin Rahmi Gürpınar,110.00,85.80,Yok,0.0
The Moonstone,Oxford University Press - Classics,Wilkie Collins,490.00,490.00,Yok,0.0
Ayın Tutulduğu Gece,Tedev Yayınları,Nevruz Necefoğlu,165.00,128.70,Yok,0.0
İçimizdeki Şeytan,Tedev Yayınları,Sabahattin Ali,140.00,109.20,Yok,0.0
Bir Tutam Tuzlu Hayat,Efsus Yayınları,Ebru Elmaskeser,120.00,81.60,Yok,0.0
Tarzan Of The Apes,Oxford University Press - Classics,Edgar Rice Burroughs,490.00,490.00,Yok,0.0
Ekşi Tatlı Bağımızın Koruğu Avanos Anıları,Kekeme Yayınları,Muhammer Gürdal,400.00,272.00,Yok,0.0
The Pilgrim`s Progress,Oxford University Press - Classics,John Bunyan,490.00,490.00,Yok,0.0
Üç Kız Kardeş,The Kitap Genç,Anton Çehov,139.00,90.35,Yok,0.0
Suç ve Ceza,The Kitap Genç,Fyodor Dostoyevski,139.00,90.35,Yok,0.0
Savaş ve Barış,The Kitap Genç,Lev Tolstoy,139.00,90.35,Yok,0.0
Oblomov,The Kitap Genç,İvan Aleksandroviç Gonçarov,139.00,90.35,Yok,0.0
Babalar ve Oğullar,The Kitap Genç,İvan Turgenyev,139.00,90.35,Yok,0.0
Yeon’un Mektubu,Athica Yayınları,Cho Hyeona,440.00,330.00,Yok,0.0
Şüpheli X,Nox Yayınları,Keigo Higashino,340.00,170.00,Yok,0.0
Troçki Evi,Destek Yayınları,Önay Yılmaz,280.00,196.00,Yok,0.0
Batman: Wayne Ailesi Maceraları 1,Athica Yayınları,Payne,390.00,292.50,Yok,0.0
Red Hood: Kanunsuzlar 1,Athica Yayınları,Patrick R Young,390.00,292.50,Yok,0.0
Son Sır,Od Kitap,Mustafa Tunçay,480.00,374.40,Yok,0.0
Avın Fısıltısı,Koronis Yayınları,Amanda Rıchardson,349.00,349.00,Yok,0.0
Galaktik Demiryolu’nda Gece,Ren Kitap,Kenji Miyazawa,100.00,55.00,Yok,0.0
Irkalla,Od Kitap,İsmail Zeki Erdoğan,620.00,483.60,Yok,0.0
Ben Bir Kediyim,Ren Kitap,Natsume Soseki,120.00,66.00,Yok,0.0
Soytarı Çiçekleri,Ren Kitap,Osamu Dazai,100.00,55.00,Yok,0.0
İnsanlığımı Yitirirken,Ren Kitap,Osamu Dazai,120.00,66.00,Yok,0.0
Mürebbiye,Tedev Yayınları,Hüseyin Rahmi Gürpınar,120.00,93.60,Yok,0.0
Kuyruklu Yıldız Altında Bir İzdivaç,Tedev Yayınları,Hüseyin Rahmi Gürpınar,110.00,85.80,Yok,0.0
Batan Güneş,Ren Kitap,Osamu Dazai,140.00,77.00,Yok,0.0
Ses,Tedev Yayınları,Sabahattin Ali,70.00,54.60,Yok,0.0
Yolların Koruyucusu – Karanlığın Laneti,Perseus,Gürkan Taşcı,298.00,187.74,Yok,0.0
Şair Evlenmesi,Tedev Yayınları,Şinasi,80.00,62.40,Yok,0.0
Hayat Sadece Bir Rüya,Elpis Yayınları,Süleyman Bozbay,219.00,137.97,Yok,0.0
Bir Unutuşun Anatomisi,Ayrıkotu Yayınları,F. Mert Erdoğan,164.00,119.72,Yok,0.0
Umutla Bakmak,Elpis Yayınları,Büşra Ataş Erce,189.00,119.07,Yok,0.0
Tatar Saadet,Elpis Yayınları,Tankut Öztuna,196.00,123.48,Yok,0.0
Delilik Taşı,Everest Yayınları,Alejandra Pizarnik,275.00,178.75,Yok,0.0
Kuyucaklı Yusuf,Tedev Yayınları,Sabahattin Ali,130.00,101.40,Yok,0.0
Mavi Sakal’ın Şatosu,Everest Yayınları,Javier Cercas,425.00,276.25,Yok,0.0
Vatan Yahut Silistre,Tedev Yayınları,Namık Kemal,90.00,70.20,Yok,0.0
Benim Şuşa Destanım,Tedev Yayınları,Elçin Eskenderzade,180.00,140.40,Yok,0.0
Aurora Leigh,Oxford University Press - Classics,Elizabeth Barrett Browning,490.00,490.00,Yok,0.0
Çaldıran Ağıtı,Tedev Yayınları,Sabir Sarvan,250.00,195.00,Yok,0.0
The Tenant Of Wildfell Hall,Oxford University Press - Classics,Anne Bronte,490.00,490.00,Yok,0.0
Falaka,Tedev Yayınları,Ahmet Rasim,100.00,78.00,Yok,0.0
Shirley,Oxford University Press - Classics,Charlotte Bronte,490.00,490.00,Yok,0.0
Mars Savaşçısı,BilgeSu Yayıncılık,Edgar Rice Burroughs,265.00,193.45,Yok,0.0
Muallakat - Yedi Askı,Elips Kitap,İmru`u`l - Kays,240.00,163.20,Yok,0.0
Selected Poems-Du Bellay and Ronsard,Oxford University Press - Classics,Du Bellay,490.00,490.00,Yok,0.0
Oroonoko and Other Writings,Oxford University Press - Classics,Aphra Behn,490.00,490.00,Yok,0.0
Hunera Dil,Payiz Yayınları,Herdem Merwani,150.00,150.00,Yok,0.0
Hikayenin Başlangıcı Gidiş,Payiz Yayınları,İsmail Kardaş,200.00,200.00,Yok,0.0
Mire Helbeste Melaye Cızıri,Payiz Yayınları,Osman Kapan,350.00,350.00,Yok,0.0
Ateşe Dokunmak,Kaktüs Sanat,Victoria Lim,280.00,190.40,Yok,0.0
Kirli İyilik Umut,Alaska Yayınevi,Salih Kuvvetliışık,400.00,352.00,Yok,0.0
Tutarsız Kırıklar,Gece Kitaplığı,Berfu Çetin,112.00,67.20,Yok,0.0
Cotepeyv,Payiz Yayınları,Hasbey Köksal,425.00,425.00,Yok,0.0
Ateşin Veliahtı,Prime Kitap,Jasmine Walt,340.00,340.00,Yok,0.0
Ateşin Veliahtı Özel Baskı,Prime Kitap,Jasmine Walt,440.00,440.00,Yok,0.0
Edebiyat ve Ekoloji,Vakıfbank Kültür Yayınları,Hakan Yılmaz,240.00,168.00,Yok,0.0
Küçük Çisil,Alaska Yayınevi,Öznur Kars,239.00,210.32,Yok,0.0
Dune Resmi Çizgi Roman Uyarlaması,Eksik Parça Yayınları,Lilah Sturges,390.00,273.00,Yok,0.0
Hep Ben,Bilgi Yayınevi,Anooshirvan Miandji,165.00,120.45,Yok,0.0
Dicle’den Yükselen Feryat Hallac-ı Mansur,İnsan Yayınları,Ahmet Çelik,240.00,168.00,Yok,0.0
Suçlu-Sokakların Çocuğu 2 Kitap Bir Arada,Everest Yayınları,Orhan Kemal,575.00,373.75,Yok,0.0
Tut Ki Yalandı,Odessa Yayınevi,Nesil Güzel,270.00,210.60,Yok,0.0
Baş Saatler Orkestrası,Luna Yayınları,Hürcan Akgün,134.00,104.52,Yok,0.0
Reyhan,Mona Kitap,Hayri Kandemir,175.00,113.75,Yok,0.0
Gördün Mü Turnam,Luna Yayınları,Döndü Haydaroğlu,299.00,233.22,Yok,0.0
Unutulmaz Bir Yaz,Sonsuz Kitap Yayınları,Marilyn Pappano,300.00,150.00,Yok,0.0
Hayatımın Şansı,Sonsuz Kitap Yayınları,Marilyn Pappano,300.00,150.00,Yok,0.0
Dilden Dökülenler,Luna Yayınları,Adem Ali Kömürcü,164.00,127.92,Yok,0.0
Erzuruma Yolculuk,Dara Yayınları,Aleksandr Sergeyeviç Puşkin,180.00,122.40,Yok,0.0
Klasik Türk Edebiyatı Araştırma Yöntemleri,Eser Kitap,Selami Ece,1.250.00,850.00,Yok,0.0
Sonsuzu Bölen Bir,Lando Yayınları,Mustafa Erdiken,200.00,136.00,Yok,0.0
Bu-This,Lando Yayınları,Nihat Özdal,260.00,176.80,Yok,0.0
2025’de Çıkan Her Hangi Bir Kitap,Lando Yayınları,Umut Yalım,200.00,136.00,Yok,0.0
Yedinci Günün Esrarı,Lando Yayınları,Tekin Yaman,200.00,136.00,Yok,0.0
Kaspar,Na Yayınları,Peter Handke,250.00,195.00,Yok,0.0
Conatus’un Cebi,Lando Yayınları,Sercan Kerinç,260.00,176.80,Yok,0.0
Bir Haziran Sabahı,Lando Yayınları,Engin Topuz,240.00,163.20,Yok,0.0
Landayi,Na Yayınları,Kolektif,250.00,195.00,Yok,0.0
Katilin Güncesi,Ulysses Yayınları,Kevser Deveci,190.00,148.20,Yok,0.0
Çoban Yıldızı,Elips Kitap,Mahmut Yesari,440.00,299.20,Yok,0.0
Dört Çeyrek 1,Ephesus Yayınları,Azra İzgüner,389.00,252.85,Yok,0.0
PostKolonyal Edebiyatta Dini Kimlik,Eski Yeni Yayınları,Rızkan Tok,300.00,225.00,Yok,0.0
Dört Çeyrek 1 Hediyeli Kutu,Ephesus Yayınları,Azra İzgüner,519.00,337.35,Yok,0.0
Özgürlüğü Ararken,Nas Ajans Yayınları,Mahmut Karabag,300.00,300.00,Yok,0.0
Anu,Varyant Yayıncılık,Arzu Onay,350.00,273.00,Yok,0.0
Çeven Mishefe,Payiz Yayınları,Şenol Bali,185.00,185.00,Yok,0.0
Hesten Xali,Payiz Yayınları,Muqades Agiri,150.00,150.00,Yok,0.0
Siya Direj,Payiz Yayınları,Kadir Çelik,180.00,180.00,Yok,0.0
13 Sireke Hezar Sali,Payiz Yayınları,İkram Balekani,400.00,400.00,Yok,0.0
Sinoren Bederi,Payiz Yayınları,Necat Baysal,185.00,185.00,Yok,0.0
Yorgun Topraklar,Payiz Yayınları,Yusuf Baran Beyi,350.00,350.00,Yok,0.0
Mêşo,Payiz Yayınları,Çore Arda,200.00,200.00,Yok,0.0
Duygu Zaman Anlamsallığı,Payiz Yayınları,Kerem Çiftçioğlu,250.00,250.00,Yok,0.0
Toprağın Öptüğü Seher Kuşları -1,Payiz Yayınları,Yusuf Baran Beyi,185.00,185.00,Yok,0.0
Nevala Xeyalan,Payiz Yayınları,Sultan Yaray,180.00,180.00,Yok,0.0
Aynanın Uykusunda,Payiz Yayınları,İlhami Sidar,250.00,250.00,Yok,0.0
Çığlık rap-rapsodi,Lando Yayınları,Pelin Özer,180.00,122.40,Yok,0.0
Ali Zelili`nin Niyazü`l-Müznibin’i,Fenomen Yayıncılık,Nilay Kınay Civelek,600.00,498.00,Yok,0.0
Rus Halk Masallarında Mitolojik Kadınlar,Fenomen Yayıncılık,Ezgihan Mertoğlu Çakır,220.00,182.60,Yok,0.0
"Ekoloji Perspektifinden Kültür, Edebiyat ve Dil Çalışmaları",Fenomen Yayıncılık,Kollektif,300.00,249.00,Yok,0.0
Düşyokuş,Sarmal Kitabevi,Nurhan Özgel,150.00,117.00,Yok,0.0
Son Işık Da Söndü,Sarmal Kitabevi,Yaşar Onay,200.00,156.00,Yok,0.0
Fındıkkıran ve Farelerin Kralı,Sarmal Kitabevi,Ernst Theodor Wilhelm Hoffmann,400.00,312.00,Yok,0.0
Serapionun Hikayesi,Sarmal Kitabevi,Ernst Theodor Wilhelm Hoffmann,300.00,234.00,Yok,0.0
Aksakal Sokağı Yanıyor,Gece Kitaplığı,Hülya Bartu,161.00,96.60,Yok,0.0
Veri Mezarları,Gece Kitaplığı,Tolga Depci,231.00,138.60,Yok,0.0
Udi Alibey`in Şiirleri,Gece Kitaplığı,Ali Ersin Kavafoğlu,182.00,109.20,Yok,0.0
Mezarı Yoktu Çocukların,Ebabil Yayınları,Yunus Emre Altuntaş,100.00,78.00,Yok,0.0
Babam Ali Ulvi Kurucu,Erguvan Yayınevi,Sare Kurucu Bulut,180.00,122.40,Yok,0.0
Mor Menekşe Konağı,Değişim Yayınları,Özlem Artoksi,200.00,158.00,Yok,0.0
Düşlerle Dolu,Tilki Kitap,Arda Yılmaz,190.00,123.50,Yok,0.0
Sessiz Yolcu-Şiirler,Yuva Yayınları,Tacettin Akkuş,149.90,91.44,Yok,0.0
Sahan Külbastı,Elips Kitap,Memduh Şevket Esendal,280.00,190.40,Yok,0.0
Terapi Sensin,İkinci Adam Yayınları,Nursen Yeşim Özdemir,333.00,216.45,Yok,0.0
Yaprak Daha Düşmedi,İkinci Adam Yayınları,Serdar Dönertaş,250.00,162.50,Yok,0.0
Şaman,İkinci Adam Yayınları,Mehmet Canbaz,350.00,227.50,Yok,0.0
Yörük Gızı Silifke,Gülnar Yayınları,Esma Deveci,300.00,219.00,Yok,0.0
Harabat,İkinci Adam Yayınları,Fatih Diler,160.00,104.00,Yok,0.0
Etimolojik Sözlük Numunesi,Gülnar Yayınları,Bahaeddin Sağlam,390.00,284.70,Yok,0.0
Mandala,Sidelya Yayınları,Cafer Demirtaş,175.00,175.00,Yok,0.0
İnsan Sevmekle Temizlenir,Sidelya Yayınları,Metin Benlier,175.00,175.00,Yok,0.0
Naruto 57. Cilt,Gerekli Şeyler Yayıncılık,Masaşi Kişimoto,170.00,125.80,Yok,0.0
Çeşm-i Naz,Tilki Kitap,Ceylan Köse,145.00,94.25,Yok,0.0
İçimde Sana Benzeyen Bir Yer Var,Tilki Kitap,Afkan Topal,200.00,130.00,Yok,0.0
Erkam`ın İzinde,Beyan Yayınları,Erbay Kücet,265.00,172.25,Yok,0.0
Lanzarote Defterleri 2. Kitap,Kırmızı Kedi Yayınevi,Jose Saramago,350.00,210.00,Yok,0.0
Sherlock Holmes - On İki Macera Bir Arada,The Kitap Genç,Sir Arthur Conan Doyle,169.00,109.85,Yok,0.0
Blacksad 6 - O Zaman Her Şey Yıkılır Birinci Bölüm,Yapı Kredi Yayınları,Juan Diaz Canales,220.00,132.00,Yok,0.0
Z Bakış,Kırmızı Kedi Yayınevi,Esila Ayık,150.00,90.00,Yok,0.0
Sonsuzluk Odası,Presstij Kitap,Ümit Kireççi,220.00,154.00,Yok,0.0
The Whisperer,Mimas Yayınları,Erinç Büyükaşık,310.00,241.80,Yok,0.0
Geçmişten Geleceğe Medeniyetin Mimarları,İnkılap Kitabevi,Betül Düztepe,280.00,196.00,Yok,0.0
Türk Dünyası Çalışmaları,Paradigma Akademi Yayınları,Kolektif,500.00,400.00,Yok,0.0
The Wonderful Wizard of Oz,YDS Publishing,Lyman Frank Baum,180.00,158.40,Yok,0.0
Mai ve Siyah,Paradigma Akademi Yayınları,Halid Ziya Uşaklıgil,200.00,200.00,Yok,0.0
The Invisible Man B1 - Level 5,YDS Publishing,Herbert George Wells,210.00,184.80,Yok,0.0
The War Of The Worlds B2 - Level 6,YDS Publishing,Herbert George Wells,210.00,184.80,Yok,0.0
The Thirty-Nine Steps B1 - Level 4,YDS Publishing,John Buchan,180.00,158.40,Yok,0.0
Cranford B1 - Level 5,YDS Publishing,Elizabeth Cleghorn Gaskell,210.00,184.80,Yok,0.0
Aşk-ı Memnu,Paradigma Akademi Yayınları,Halid Ziya Uşaklıgil,250.00,250.00,Yok,0.0
Çetin Altan: Yazıya Adanmış Bir Hayat,Paradigma Akademi Yayınları,Fatma Şen Akdemir,900.00,720.00,Yok,0.0
Eylül,Paradigma Akademi Yayınları,Mehmet Rauf,180.00,180.00,Yok,0.0
Bali Bahru`n-Naṣayiḥ,Paradigma Akademi Yayınları,Dilek Herkmen,850.00,680.00,Yok,0.0
Ahmet Yurt Dede,Paradigma Akademi Yayınları,Muhammet Faruk Ekici,550.00,440.00,Yok,0.0
Kaybolan,Mimas Yayınları,Erinç Büyükaşık,400.00,312.00,Yok,0.0
Yaraların Belleği,Mimas Yayınları,Selman Büyükaşık,320.00,249.60,Yok,0.0
İnsan Hatırlandıkça Yaşar Cengiz Aytmatov Roza Aytmatova & Asan Ahmatov,Paradigma Akademi Yayınları,Kollektif,250.00,200.00,Yok,0.0
Ev Arkadaşım,Dokuz Yayınları,Gonca Çakır,300.00,150.00,Yok,0.0
Ev Arkadaşım,Dokuz Yayınları,Gonca Çakır,390.00,195.00,Yok,0.0
Sonrası Şiir,Mimas Yayınları,Aylin Yılmazer,290.00,226.20,Yok,0.0
Ev Arkadaşım Kutulu Set 3 Kitap,Dokuz Yayınları,Gonca Çakır,1.150.00,575.00,Yok,0.0
Min Navek Nedit Jı Bo Te,Payiz Yayınları,Mehmet Bulut,250.00,250.00,Yok,0.0
Azade,Mimas Yayınları,Erdal Keskin,320.00,249.60,Yok,0.0
Tuz Baskı,Mimas Yayınları,Esra Başak Yılmazer,400.00,312.00,Yok,0.0
Hızlı Okumanın Alfabesi,Doruk Yayınları,François Richaudeau,100.00,100.00,Yok,0.0
Spiroj,Payiz Yayınları,Nûdem hezex,200.00,200.00,Yok,0.0
Pexembere Jibirçuyi Mani,Payiz Yayınları,Kamran Simo Hedili,350.00,350.00,Yok,0.0
Gulçiçeka Dilan,Payiz Yayınları,Abdurrakip Yuksekbag,300.00,300.00,Yok,0.0
Diyariyen Şeve,Payiz Yayınları,İlhan Dayan,150.00,150.00,Yok,0.0
Qerineke Bedeng Rındexan,Payiz Yayınları,Kamran Simo Hedili,300.00,300.00,Yok,0.0
Ben Kendim Öteki,Payiz Yayınları,Leyla Atabay,325.00,325.00,Yok,0.0
Bir Kibritle Yok Olmak Serisi - Üç Kitaplık Hediyeli Kutu,Guardian,Özge Naz,1.327.00,796.20,Yok,0.0
Bir Kibritle Yok Olmak 3,Guardian,Özge Naz,399.00,239.40,Yok,0.0
Gönül Kaçanı Kovalar,Elips Kitap,Memduh Şevket Esendal,320.00,217.60,Yok,0.0
Bir Kibritle Yok Olmak 3,Guardian,Özge Naz,369.00,221.40,Yok,0.0
Bir Kibritle Yok Olmak 3 - Hediyeli Kutu,Guardian,Özge Naz,529.00,317.40,Yok,0.0
Bir Kibritle Yok Olmak 3 - Hediyeli Yan Boyamalı Kutu,Guardian,Özge Naz,609.00,365.40,Yok,0.0
Bir Kibritle Yok Olmak 3 - Yan Boyamalı,Guardian,Özge Naz,479.00,287.40,Yok,0.0
Zihin Bahçemde Üç Çayı,Lando Yayınları,Melis Demir,200.00,136.00,Yok,0.0
Kabul,Lando Yayınları,Berna Kahraman,200.00,136.00,Yok,0.0
Büyü Haritaları Pafta I.,Lando Yayınları,Nur Alan,190.00,129.20,Yok,0.0
En Genç,Lando Yayınları,Gültekin Emre,200.00,136.00,Yok,0.0
Requiem,Lando Yayınları,Enis Batur,220.00,149.60,Yok,0.0
Alegria,Lando Yayınları,Zehra Güngör,200.00,136.00,Yok,0.0
Tavşanlara Göz Kırpın,Lando Yayınları,Ercan Şeherli,200.00,136.00,Yok,0.0
İnsandan Sonra,Lando Yayınları,Selcan Peksan,200.00,136.00,Yok,0.0
Eksik,Lando Yayınları,Ayberk Köklü,180.00,122.40,Yok,0.0
Çingenenin Çiçekleri Taş,Lando Yayınları,Lara Lakay,175.00,119.00,Yok,0.0
Titreşir,Lando Yayınları,Anita Sezgener,140.00,95.20,Yok,0.0
İnkar,Lando Yayınları,Ceren Avşar,180.00,122.40,Yok,0.0
İdrakrizi,Lando Yayınları,İlke İmer,200.00,136.00,Yok,0.0
İçli Bir Piç epilog,Lando Yayınları,Dündar Hızal,175.00,119.00,Yok,0.0
Aşk,Lando Yayınları,Şenol Erdoğan,150.00,102.00,Yok,0.0
Kerker - Notizen,Minber Yayınları,Süleyman el Ulvan,250.00,170.00,Yok,0.0
Sıra Mutlulukta,Liman Yayınevi,Ahmet Canbaba,194.00,131.92,Yok,0.0
Loving You Is Like Touching Eternity,Nobel Kültür,Bilal Karabulut,190.00,148.20,Yok,0.0
Türkçede Eklerin Kullanılış Şekilleri ve Ek Kalıplaşması Olayları,Türk Dil Kurumu Yayınları,Zeynep Korkmaz,50.00,39.00,Yok,0.0
En Son Aralık,Liman Yayınevi,Caner Özkan,273.00,185.64,Yok,0.0
Cam Örtü,Meşe Kitaplığı,Helin Bağlamış,150.00,117.00,Yok,0.0
Kuduri`ye Ait El-Muhtasar`ın En Eski Türkçe Tercümesi,Türk Dil Kurumu Yayınları,Cihan Doğan,600.00,468.00,Yok,0.0
Koca Bir Ah Var İçimde!,Gece Kitaplığı,Murat Kapkıner,161.00,96.60,Yok,0.0
Karanlık,Gece Kitaplığı,Mehmet Kösanoğlu,119.00,71.40,Yok,0.0
Dövüş Tanrısı 5,Athica Yayınları,Yong-Je Park,440.00,330.00,Yok,0.0
Doksan Artı Dört 1,Athica Yayınları,Gülben Sakar,540.00,405.00,Yok,0.0
İki Dünya Arasında,Cinius Yayınları,Doğan Özkan,410.00,266.50,Yok,0.0
Ayaza Direnen Kardelenler,Bilgi Ağacı Yayınları,Tuba Dumlu Güler,279.00,203.67,Yok,0.0
Doksan Artı Dört 2,Athica Yayınları,Gülben Sakar,520.00,390.00,Yok,0.0
Aybike,Bilgi Ağacı Yayınları,Ebruli,223.00,162.79,Yok,0.0
Kıvılcım,Nox Yayınları,Adriana Locke,300.00,150.00,Yok,0.0
Bilinmeyene Yolculuk - 1,İkinci Adam Yayınları,Seniha Fidan,210.00,136.50,Yok,0.0
Logosophia,İkinci Adam Yayınları,Murat Can Yılmaz,235.00,152.75,Yok,0.0
Yaşama Dair İçimdeki Ses,İkinci Adam Yayınları,Kunçay Dağdeviren Demir,250.00,162.50,Yok,0.0
Ayaz Kokan Kent,İkinci Adam Yayınları,Özer Avanaş,180.00,117.00,Yok,0.0
Dolunaylı Gecelerden Geçiyorum,İkinci Adam Yayınları,İbrahim Güler,130.00,84.50,Yok,0.0
Bugün Bu gece Yarın,Yabancı Yayınları,Rachel Lynn Solomon,300.00,180.00,Yok,0.0
Said Gel! Bir Rüyanın İzinde,Fütuhat Yayınevi,Nurettin Beltekin,100.00,68.00,Yok,0.0
Doksan Artı Dört 1-2 Kutulu Set,Athica Yayınları,Gülben Sakar,1.150.00,862.50,Yok,0.0
İki Yürek Arasında,İkinci Adam Yayınları,Büşra İreç,200.00,130.00,Yok,0.0
Arif Nihat Asya,Türk Dil Kurumu Yayınları,Yavuz Bülent Bakiler,280.00,218.40,Yok,0.0
Cahit Külebi,Türk Dil Kurumu Yayınları,Mehmet Yardımcı,120.00,93.60,Yok,0.0
Palmiye Şarabı Müptelası,İthaki Yayınları,Amos Tutuola,180.00,108.00,Yok,0.0
Savaştan Kalan Barışta Geçen Hikayeler,Paşa Yayınları,Zöhre Bozdemir,350.00,255.50,Yok,0.0
Kepir Ana,İkinci Adam Yayınları,Atalay Budakçı,150.00,97.50,Yok,0.0
Zaman Kimseyi Beklemez,Narsist,Seval Kirmit Yazar,300.00,204.00,Yok,0.0
İletişim Köprüsü,Narsist,Seval Kirmit Yazar,400.00,272.00,Yok,0.0
Alfred Hunstan Senfonisi,Alden Yayınları,Tufan Efe Hökkaş,200.00,200.00,Yok,0.0
İngiliz Matematikçiler,Doruk Yayınları,Ali Dönmez,770.00,562.10,Yok,0.0
Denizde Bir Sene,Renpa Kitap,Murat Fırtına,450.00,351.00,Yok,0.0
Mendil Altında,Elips Kitap,Memduh Şevket Esendal,320.00,217.60,Yok,0.0
Ahular Meydanı,Edebiyatist,Elif Ceren Pehlivan,240.00,175.20,Yok,0.0
Hayalet Orkide: Sinemaların Kızı,Edebiyatist,Esra Tüzün,440.00,321.20,Yok,0.0
Babasının Kızları,Doğan Solibri,Fatma Çelik,260.00,182.00,Yok,0.0
Pamuk Ağacı Tohumu,Pozitif Yayınları,Dennis Ayan,200.00,152.00,Yok,0.0
Prof. Dr. Oktay Sinanoğlu ve Türkçe - Matematik - Bilim - Gönül,Altınordu Yayınları,Turgay Tüfekçioğlu,390.00,284.70,Yok,0.0
Werzeba,Payiz Yayınları,Leyla Saraç,150.00,150.00,Yok,0.0
Reqsa Perperikan,Payiz Yayınları,Herdem Merwani,150.00,150.00,Yok,0.0
Çemberi Kıran,Everest Yayınları,Esmahan Devran İnci,245.00,159.25,Yok,0.0
Denge Ze,Payiz Yayınları,Mehmet Akdoğan,350.00,350.00,Yok,0.0
Türk Dili Alanında Uluslararası Araştırmalar - II,Eğitim Yayınevi - Bilimsel Eserler,Ahmet Kayasandık,179.00,157.52,Yok,0.0
İris,Kaktüs Sanat,Özge Özpağaç,120.00,81.60,Yok,0.0
The Rover and Other Plays,Oxford University Press - Classics,Aphra Behn,490.00,490.00,Yok,0.0
Bilur u Teşi,Na Yayınları,Newaf Mîro,250.00,195.00,Yok,0.0
Göçmenler,Yazılama Yayınevi,Aleksey Nikolayeviç Tolstoy,380.00,258.40,Yok,0.0
Sen Gittiğinde,Kitapresso Yayınevi,Mustafa Altuğ,500.00,340.00,Yok,0.0
Sıfır K,Siren Yayınları,Don DeLillo,290.00,217.50,Yok,0.0
Ekmek Kokusu,Baygenç Yayıncılık,Ali Ekber Beyaz,300.00,204.00,Yok,0.0
Rövaşata Arda,Bordo Ressam,Murat Sevinç,178.00,135.28,Yok,0.0
Devrim Aşk ve Ahlak,Payda Yayıncılık,Şeref Pınarbaşı,250.00,170.00,Yok,0.0
Şahruh Efsanesi,Atakar Yayıncılık,Bülent Demirbilek,150.00,150.00,Yok,0.0
Ukde,40 Kitap,Bekir Er,320.00,217.60,Yok,0.0
Ay Kocaman Gece Uzundu,Meşe Kitaplığı,Latife Doğanay Çağlayan,250.00,195.00,Yok,0.0
100 Soruda Önyargı,Kaktüs Sanat,Abuzer Badem,300.00,204.00,Yok,0.0
100 Soruda Kaygı,Kaktüs Sanat,Abuzer Badem,300.00,204.00,Yok,0.0
Geçmişle Dans,Kaktüs Sanat,Deniz Derya,280.00,190.40,Yok,0.0
Jeremy’nin Uzay Macerası - Karanlıkla Savaş,MCK Yayınları,İsmail Yavuz,200.00,200.00,Yok,0.0
Nureddîn Zengi - Bir Kudüs Aşığı,MCK Yayınları,Mustafa Cankurt,180.00,180.00,Yok,0.0
Kuyruklu Yıldız Altında Bir İzdivaç,Sierra Kitap,Hüseyin Rahmi Gürpınar,140.00,95.20,Yok,0.0
Serkan,Yağmur Osman Yayınları,Şahika Yeşilkaya,280.00,190.40,Yok,0.0
Hakka Sığındık,Sierra Kitap,Hüseyin Rahmi Gürpınar,130.00,88.40,Yok,0.0
Şık,Sierra Kitap,Hüseyin Rahmi Gürpınar,120.00,81.60,Yok,0.0
Sevda Peşinde,Sierra Kitap,Hüseyin Rahmi Gürpınar,200.00,136.00,Yok,0.0
Fantastik Dörtlü Cilt.6,Arka Bahçe Yayıncılık,Jonathan Hickman,380.00,258.40,Yok,0.0
Arayış,Ange Yayınları,Didem Tanrıkulu,400.00,272.00,Yok,0.0
Gönül Ticareti,Sierra Kitap,Hüseyin Rahmi Gürpınar,130.00,88.40,Yok,0.0
Hayatı Şiirleri Hikâyeleri II,Gülnar Yayınları,İbrahim Bozkurt,300.00,219.00,Yok,0.0
Mürebbiye,Sierra Kitap,Hüseyin Rahmi Gürpınar,140.00,95.20,Yok,0.0
Gulyabani,Sierra Kitap,Hüseyin Rahmi Gürpınar,140.00,95.20,Yok,0.0
Umuda Yolculuk,İtalik Yayınevi,Özgür Özsoy,450.00,306.00,Yok,0.0
Acayipzadeler,Klaros Yayınları,Rüveyda,300.00,204.00,Yok,0.0
Elke,Klaros Yayınları,Hanım Koçyiğit,400.00,272.00,Yok,0.0
Verdek,Klaros Yayınları,Hanım Koçyiğit,350.00,238.00,Yok,0.0
Otobiyografi,Vakıfbank Kültür Yayınları,Linda Anderson,290.00,203.00,Yok,0.0
Semaver,Palet Yayınları,Sait Faik Abasıyanık,100.00,65.00,Yok,0.0
Benim Adım Yalnızlık Soyadım Sensizliktir,Evrensel Kültür Yayınları,Süleyman Yıldırım,250.00,170.00,Yok,0.0
Sevgi Fakiri,Evrensel Kültür Yayınları,Doğan Coşkun,290.00,197.20,Yok,0.0
Uykuya Susuz,Evrensel Kültür Yayınları,Gülşah Yüksel,350.00,238.00,Yok,0.0
Martin Mystere Sayı 244,Lal Kitap,Mirko Perniola,135.00,98.55,Yok,0.0
Zagor Sayı 275,Lal Kitap,Samuel Marolla,135.00,98.55,Yok,0.0
Zagor Klasik Maceralar Cilt 142,Lal Kitap,Mirko Perniola,500.00,365.00,Yok,0.0
Yaşamak Umrumdadır,Evrensel Kültür Yayınları,Ali Filiz,270.00,183.60,Yok,0.0
Gava Jin Li Jiyane Neman,Na Yayınları,Newaf Miro,200.00,156.00,Yok,0.0
Ezİdaye 1,Na Yayınları,Newaf Mîro,250.00,195.00,Yok,0.0
Tex Willer Sayı 28,Lal Kitap,Mauro Boselli,90.00,65.70,Yok,0.0
Melamilerde Adem’den Havva’nın Yaratılış Sırrı,Atakar Yayıncılık,Ali Yılmaz,200.00,200.00,Yok,0.0
Tex sayı 11,Lal Kitap,Pasquale Ruju,150.00,109.50,Yok,0.0
Ezidaye 2,Na Yayınları,Newaf Mîro,250.00,195.00,Yok,0.0
Melami Sofrası,Atakar Yayıncılık,Bülent Demirbilek,125.00,125.00,Yok,0.0
Ezidaye 3,Na Yayınları,Newaf Mîro,250.00,195.00,Yok,0.0
Du Kes Yek Mirov,Na Yayınları,Newaf Mîro,200.00,156.00,Yok,0.0
İnsanlığın Aşkı,Sinada Kitap,Erkan Bozkurt,160.00,104.00,Yok,0.0
G-izlerim,Atakar Yayıncılık,Temel Ata,200.00,200.00,Yok,0.0
Elzem,Atakar Yayıncılık,Aziz Soylu,175.00,175.00,Yok,0.0
Çakıl Taşlarım,Atakar Yayıncılık,Resmiye Yılmaz,175.00,175.00,Yok,0.0
Eylül,Atakar Yayıncılık,Güldane Gümüş,200.00,200.00,Yok,0.0
Gava Miri Biaxive,Na Yayınları,Newaf Miro,300.00,234.00,Yok,0.0
Denizin Hücumu,Elips Kitap,Jules Verne,240.00,163.20,Yok,0.0
Bahar Sonsuz Değil Ki,Kırmızı Çatı Yayınları,İsmail Güçtaş,165.00,128.70,Yok,0.0
Hayattan Yansımalar,Kırmızı Çatı Yayınları,Mustafa Yıldız,205.00,159.90,Yok,0.0
Kırgın Bir Gezgin,Ayrıkotu Yayınları,Özlem Yıldırım,110.00,80.30,Yok,0.0
Yola Düşünce,Hangar Yayınları,Kollektif,450.00,283.50,Yok,0.0
Şimal,Anima Yayınları,İsmail Taşdelen,120.00,93.60,Yok,0.0
Çoğunluğun İradesi,Akıl Çelen Kitaplar,James Islington,520.00,358.80,Yok,0.0
Lolikper,Nas Ajans Yayınları,Feyza Adabeyi,100.00,100.00,Yok,0.0
Kanla Yazılı Kader,Martı Yayınları,Danielle L. Jensen,450.00,225.00,Yok,0.0
Talay,İstanbul Dağıtım,Gülcihan Bilim Demirci,250.00,250.00,Yok,0.0
Suçlu,Metinlerarası Kitap,Yeşim Çelik,330.00,240.90,Yok,0.0
Nasıl Yattıysam Öyle Kalkmadım,Metinlerarası Kitap,Nihan Özkan,160.00,116.80,Yok,0.0
Yüreğin Kozmik Dansı,Baygenç Yayıncılık,Cansu Sevindik,180.00,122.40,Yok,0.0
Yolcu,Baygenç Yayıncılık,Letafet Amirova,250.00,170.00,Yok,0.0
Sözler Dansı Özbek Kızlarının Yaratıcı Çalışmaları,Baygenç Yayıncılık,Kolektif,300.00,204.00,Yok,0.0
Aşk Kokusu,Baygenç Yayıncılık,İnobat Ochilova,150.00,102.00,Yok,0.0
Yalnızlığın Senfonisi,Çınaraltı Yayınları,Çağlar Dalkıran,180.00,122.40,Yok,0.0
Gemileri Yakmak,Yazılama Yayınevi,Yusuf Ziya Bahadınlı,220.00,149.60,Yok,0.0
Yakılacak Mektuplar,Gülnar Yayınları,Mehmet Taş,220.00,160.60,Yok,0.0
Damladaki Derya,Gülnar Yayınları,Cemalettin Turan,280.00,204.40,Yok,0.0
